time,Orientation_1,Orientation_2,Orientation_3,Acceleration_1,Acceleration_2,Acceleration_3,AngularVelocity_1,AngularVelocity_2,AngularVelocity_3,MagneticField_1,MagneticField_2,MagneticField_3
0,4.04370971071436,0.011999138607461,0.0174532925199433,0.180000007152557,-0.100000001490116,9.80000019073486,0.00109083078249646,0.00109083078249646,0,22.375,-18,23.0625
0.123,4.04370971071436,0.011999138607461,0.0174532925199433,0.230000004172325,-0.0700000002980232,9.8100004196167,-0.00109083078249646,0.00545415391248228,0.00109083078249646,22.6875,-18.6875,23.0625
0.249,4.04370971071436,0.011999138607461,0.0174532925199433,0.180000007152557,-0.119999997317791,9.82999992370605,0,-0.00218166156499291,-0.00109083078249646,21.6875,-18,23.0625
0.371,4.04370971071436,0.011999138607461,0.0174532925199433,0.200000002980232,-0.0799999982118607,9.82999992370605,0.00218166156499291,0.00327249234748937,0.00109083078249646,22,-18.375,23.5
0.496,4.04370971071436,0.011999138607461,0.0174532925199433,0.180000007152557,-0.109999999403954,9.82999992370605,0.00436332312998582,0.00436332312998582,-0.00109083078249646,22,-18.375,24.25
0.618,4.04370971071436,0.011999138607461,0.0174532925199433,0.159999996423721,-0.0900000035762787,9.85999965667725,0.00218166156499291,0.00218166156499291,0,22,-18,23.875
0.743,4.04370971071436,0.011999138607461,0.0174532925199433,0.189999997615814,-0.129999995231628,9.82999992370605,0.00109083078249646,-0.00436332312998582,-0.00109083078249646,21.25,-18,23.0625
0.866,4.04370971071436,0.011999138607461,0.0174532925199433,0.150000005960464,-0.0900000035762787,9.84000015258789,0.00109083078249646,0.00327249234748937,-0.00109083078249646,22.375,-18.375,23.875
0.991,4.04370971071436,0.011999138607461,0.0174532925199433,0.180000007152557,-0.119999997317791,9.82999992370605,0.00327249234748937,0.00109083078249646,0,22,-18,24.25
1.114,4.04370971071436,0.011999138607461,0.0174532925199433,0.159999996423721,-0.0900000035762787,9.84000015258789,-0.00218166156499291,0.00109083078249646,0.00327249234748937,22,-18.375,24.25
1.24,4.04370971071436,0.011999138607461,0.0174532925199433,0.180000007152557,-0.119999997317791,9.81999969482422,0,0.00218166156499291,0.00109083078249646,22,-18,23.5
1.363,4.04370971071436,0.011999138607461,0.0174532925199433,0.170000001788139,-0.0700000002980232,9.82999992370605,0,-0.00218166156499291,0.00109083078249646,21.5625,-18.375,22.25
1.489,4.04370971071436,0.011999138607461,0.0174532925199433,0.159999996423721,-0.119999997317791,9.82999992370605,0,0.00327249234748937,0.00109083078249646,22,-18,23.5
1.612,4.04370971071436,0.011999138607461,0.0174532925199433,0.159999996423721,-0.0900000035762787,9.84000015258789,0.00109083078249646,-0.00218166156499291,0,21.5625,-18.375,23.5
1.734,4.04370971071436,0.011999138607461,0.0174532925199433,0.170000001788139,-0.119999997317791,9.84000015258789,0,-0.00218166156499291,0.00109083078249646,22.375,-18.375,23.5
1.86,4.04370971071436,0.011999138607461,0.0174532925199433,0.180000007152557,-0.0900000035762787,9.82999992370605,-0.00109083078249646,-0.00545415391248228,-0.00109083078249646,21.5625,-18,23.0625
1.983,4.04370971071436,0.011999138607461,0.0174532925199433,0.170000001788139,-0.119999997317791,9.84000015258789,0.00327249234748937,-0.00218166156499291,-0.00327249234748937,22,-18,23.875
2.109,4.04370971071436,0.011999138607461,0.0174532925199433,0.159999996423721,-0.0700000002980232,9.82999992370605,0.00109083078249646,0.00109083078249646,0,22.375,-17.1875,24.25
2.232,4.04370971071436,0.011999138607461,0.0174532925199433,0.150000005960464,-0.100000001490116,9.84000015258789,0,-0.00218166156499291,0,21.25,-18.375,23.875
2.358,4.04370971071436,0.011999138607461,0.0174532925199433,0.170000001788139,-0.100000001490116,9.81999969482422,0.00109083078249646,-0.00436332312998582,0.00109083078249646,22,-17.1875,23.0625
2.481,4.04370971071436,0.011999138607461,0.0174532925199433,0.170000001788139,-0.119999997317791,9.84000015258789,0,0,0.00218166156499291,21.5625,-18.6875,23.5
2.606,4.04370971071436,0.011999138607461,0.0174532925199433,0.170000001788139,-0.100000001490116,9.82999992370605,-0.00109083078249646,0.00218166156499291,0,22,-17.1875,23.5
2.73,4.04370971071436,0.011999138607461,0.0174532925199433,0.180000007152557,-0.129999995231628,9.82999992370605,0,-0.00545415391248228,0.00109083078249646,22.375,-18,22.6875
2.854,4.04370971071436,0.011999138607461,0.0174532925199433,0.180000007152557,-0.109999999403954,9.80000019073486,0,0.00109083078249646,0,22,-18,22.6875
2.977,4.04370971071436,0.011999138607461,0.0174532925199433,0.170000001788139,-0.100000001490116,9.84000015258789,0.00109083078249646,0.00218166156499291,0,22,-18.6875,24.25
3.101,4.04370971071436,0.011999138607461,0.0174532925199433,0.159999996423721,-0.0900000035762787,9.78999996185303,-0.00109083078249646,-0.00109083078249646,0,20.875,-18,23.875
3.224,4.04370971071436,0.011999138607461,0.0174532925199433,0.189999997615814,-0.109999999403954,9.85000038146973,-0.00218166156499291,-0.00545415391248228,0.00109083078249646,21.5625,-17.5625,23.875
3.348,4.04370971071436,0.011999138607461,0.0174532925199433,0.159999996423721,-0.0799999982118607,9.81999969482422,-0.00109083078249646,0.00763581547747519,-0.00218166156499291,21.5625,-18.375,23.0625
3.473,4.04370971071436,0.011999138607461,0.0174532925199433,0.180000007152557,-0.109999999403954,9.81999969482422,0,-0.00436332312998582,0.00109083078249646,21.25,-18,23.0625
3.597,4.04370971071436,0.011999138607461,0.0174532925199433,0.150000005960464,-0.0900000035762787,9.82999992370605,0,-0.00109083078249646,0,22,-17.1875,24.25
3.722,4.04370971071436,0.011999138607461,0.0174532925199433,0.180000007152557,-0.100000001490116,9.85000038146973,0,0,0,22.375,-17.1875,23.0625
3.845,4.04370971071436,0.011999138607461,0.0174532925199433,0.180000007152557,-0.0599999986588955,9.84000015258789,0,0,0,21.5625,-18.6875,23.5
3.972,4.04370971071436,0.011999138607461,0.0174532925199433,0.170000001788139,-0.109999999403954,9.85999965667725,-0.00218166156499291,0.00109083078249646,0,22,-18,23.0625
4.094,4.04370971071436,0.011999138607461,0.0174532925199433,0.180000007152557,-0.0799999982118607,9.84000015258789,0,0.00109083078249646,-0.00109083078249646,22.375,-18,22.6875
4.22,4.04370971071436,0.011999138607461,0.0174532925199433,0.170000001788139,-0.0900000035762787,9.85999965667725,-0.00327249234748937,0.00109083078249646,0.00218166156499291,22,-17.5625,24.5625
4.344,4.04370971071436,0.011999138607461,0.0174532925199433,0.159999996423721,-0.0799999982118607,9.84000015258789,0,-0.00109083078249646,0,21.25,-17.5625,23.5
4.468,4.04370971071436,0.011999138607461,0.0174532925199433,0.170000001788139,-0.119999997317791,9.8100004196167,0,-0.00327249234748937,0,21.5625,-18.375,24.5625
4.591,4.04370971071436,0.011999138607461,0.0174532925199433,0.170000001788139,-0.0900000035762787,9.82999992370605,0,-0.00218166156499291,-0.00327249234748937,21.6875,-18.375,23.875
4.716,4.04370971071436,0.011999138607461,0.0174532925199433,0.170000001788139,-0.100000001490116,9.81999969482422,-0.00109083078249646,-0.00327249234748937,0.00109083078249646,22.6875,-18,25.0625
4.84,4.04370971071436,0.011999138607461,0.0174532925199433,0.170000001788139,-0.0900000035762787,9.82999992370605,0,0.00109083078249646,0,22,-18.6875,22.6875
4.964,4.04370971071436,0.011999138607461,0.0174532925199433,0.189999997615814,-0.109999999403954,9.82999992370605,0.00109083078249646,-0.00109083078249646,-0.00109083078249646,22,-17.5625,23.875
5.087,4.04370971071436,0.011999138607461,0.0174532925199433,0.159999996423721,-0.0900000035762787,9.85000038146973,-0.00218166156499291,-0.00109083078249646,0,22.375,-17.1875,23.5
5.211,4.04370971071436,0.011999138607461,0.0174532925199433,0.180000007152557,-0.100000001490116,9.84000015258789,0.00109083078249646,0,-0.00218166156499291,22,-18,23.875
5.336,4.04370971071436,0.011999138607461,0.0174532925199433,0.170000001788139,-0.0900000035762787,9.81999969482422,0,0.00109083078249646,0.00109083078249646,22.6875,-18.6875,23.875
5.46,4.04370971071436,0.011999138607461,0.0174532925199433,0.159999996423721,-0.119999997317791,9.84000015258789,0,-0.00109083078249646,0,23.0625,-18.375,24.25
5.586,4.04370971071436,0.011999138607461,0.0174532925199433,0.180000007152557,-0.100000001490116,9.85000038146973,0,-0.00109083078249646,-0.00218166156499291,21.6875,-18.375,23.5
5.708,4.04370971071436,0.011999138607461,0.0174532925199433,0.170000001788139,-0.109999999403954,9.85000038146973,0,-0.00218166156499291,-0.00109083078249646,22.375,-18,24.25
5.835,4.04370971071436,0.011999138607461,0.0174532925199433,0.170000001788139,-0.0900000035762787,9.81999969482422,-0.00218166156499291,0,0,22.6875,-18.375,24.25
5.957,4.04370971071436,0.011999138607461,0.0174532925199433,0.170000001788139,-0.119999997317791,9.8100004196167,-0.00109083078249646,-0.00109083078249646,0,21.25,-18.375,24.25
6.083,4.04370971071436,0.011999138607461,0.0174532925199433,0.159999996423721,-0.100000001490116,9.86999988555908,0.00109083078249646,-0.00327249234748937,-0.00109083078249646,21.5625,-18.375,23.5
6.206,4.04370971071436,0.011999138607461,0.0174532925199433,0.180000007152557,-0.100000001490116,9.84000015258789,0,0.00327249234748937,-0.00218166156499291,21.5625,-18.375,22.6875
6.331,4.04370971071436,0.011999138607461,0.0174532925199433,0.189999997615814,-0.100000001490116,9.8100004196167,0,-0.00109083078249646,-0.00218166156499291,21.5625,-18.375,23.5
6.454,4.04370971071436,0.011999138607461,0.0174532925199433,0.170000001788139,-0.100000001490116,9.81999969482422,0.00109083078249646,-0.00109083078249646,0.00109083078249646,21.5625,-18.375,24.25
6.579,4.04370971071436,0.011999138607461,0.0174532925199433,0.180000007152557,-0.100000001490116,9.82999992370605,-0.00218166156499291,-0.00218166156499291,0.00109083078249646,21.5625,-18,22.6875
6.701,4.04370971071436,0.011999138607461,0.0174532925199433,0.159999996423721,-0.109999999403954,9.82999992370605,-0.00109083078249646,0,-0.00109083078249646,22.375,-18.375,23.0625
6.827,4.04370971071436,0.011999138607461,0.0174532925199433,0.170000001788139,-0.0900000035762787,9.80000019073486,-0.00109083078249646,-0.00218166156499291,-0.00109083078249646,21.5625,-18,24.25
6.95,4.04370971071436,0.011999138607461,0.0174532925199433,0.180000007152557,-0.0900000035762787,9.84000015258789,-0.00109083078249646,0,0.00109083078249646,22,-18.375,23.5
7.074,4.04370971071436,0.011999138607461,0.0174532925199433,0.159999996423721,-0.0900000035762787,9.84000015258789,0,0.00218166156499291,0,22,-18.6875,22.6875
7.199,4.04370971071436,0.011999138607461,0.0174532925199433,0.170000001788139,-0.0900000035762787,9.8100004196167,0,-0.00109083078249646,0,22,-18.6875,23.875
7.322,4.04370971071436,0.011999138607461,0.0174532925199433,0.159999996423721,-0.100000001490116,9.81999969482422,0.00109083078249646,0.00327249234748937,0,22,-17.5625,23.5
7.447,4.04370971071436,0.011999138607461,0.0174532925199433,0.180000007152557,-0.109999999403954,9.8100004196167,0,-0.00327249234748937,-0.00109083078249646,21.5625,-18.375,23.5
7.57,4.04370971071436,0.011999138607461,0.0174532925199433,0.170000001788139,-0.0799999982118607,9.84000015258789,0,-0.00109083078249646,0.00109083078249646,22,-18.375,22.25
7.696,4.04370971071436,0.011999138607461,0.0174532925199433,0.180000007152557,-0.0900000035762787,9.84000015258789,0.00218166156499291,0.00109083078249646,-0.00109083078249646,22,-18.375,23.875
7.819,4.04370971071436,0.011999138607461,0.0174532925199433,0.150000005960464,-0.100000001490116,9.82999992370605,0,0.00218166156499291,0,21.25,-18.375,22.6875
7.944,4.04370971071436,0.011999138607461,0.0174532925199433,0.180000007152557,-0.109999999403954,9.82999992370605,0,0,-0.00109083078249646,21.6875,-18.375,23.875
8.067,4.04370971071436,0.011999138607461,0.0174532925199433,0.159999996423721,-0.100000001490116,9.85000038146973,-0.00109083078249646,0.00109083078249646,-0.00109083078249646,22,-18,22.6875
8.192,4.04370971071436,0.011999138607461,0.0174532925199433,0.159999996423721,-0.0900000035762787,9.8100004196167,-0.00109083078249646,0.00109083078249646,-0.00109083078249646,22,-18,23.5
8.315,4.04370971071436,0.011999138607461,0.0174532925199433,0.170000001788139,-0.100000001490116,9.84000015258789,0,-0.00109083078249646,0,20.875,-17.1875,24.25
8.44,4.04370971071436,0.011999138607461,0.0174532925199433,0.180000007152557,-0.100000001490116,9.82999992370605,-0.00109083078249646,-0.00109083078249646,0.00109083078249646,21.5625,-18,23.0625
8.562,4.04370971071436,0.011999138607461,0.0174532925199433,0.180000007152557,-0.0700000002980232,9.84000015258789,0.00109083078249646,0.00109083078249646,-0.00327249234748937,21.5625,-17.1875,24.25
8.687,4.04370971071436,0.011999138607461,0.0174532925199433,0.170000001788139,-0.109999999403954,9.81999969482422,-0.00109083078249646,0.00436332312998582,-0.00109083078249646,21.6875,-18.375,23.5
8.81,4.04370971071436,0.011999138607461,0.0174532925199433,0.180000007152557,-0.0799999982118607,9.85000038146973,-0.00218166156499291,0.00109083078249646,0.00109083078249646,22,-18.375,23.875
8.933,4.04370971071436,0.011999138607461,0.0174532925199433,0.180000007152557,-0.0900000035762787,9.85999965667725,0.00109083078249646,-0.00327249234748937,-0.00218166156499291,22.6875,-18.375,23.5
9.058,4.04370971071436,0.011999138607461,0.0174532925199433,0.159999996423721,-0.0900000035762787,9.82999992370605,-0.00109083078249646,-0.00327249234748937,-0.00109083078249646,21.5625,-18,23.875
9.181,4.04370971071436,0.011999138607461,0.0174532925199433,0.180000007152557,-0.109999999403954,9.81999969482422,-0.00218166156499291,-0.00109083078249646,0.00109083078249646,21.25,-18.375,23.5
9.307,4.04370971071436,0.011999138607461,0.0174532925199433,0.159999996423721,-0.100000001490116,9.82999992370605,-0.00218166156499291,-0.00218166156499291,0.00109083078249646,20.875,-18.375,23.0625
9.43,4.04370971071436,0.011999138607461,0.0174532925199433,0.170000001788139,-0.0900000035762787,9.82999992370605,-0.00109083078249646,0.00218166156499291,-0.00109083078249646,22,-17.5625,23.5
9.556,4.04370971071436,0.011999138607461,0.0174532925199433,0.170000001788139,-0.0900000035762787,9.81999969482422,0,0.00109083078249646,0.00109083078249646,21.5625,-18.6875,23.875
9.679,4.04370971071436,0.011999138607461,0.0174532925199433,0.159999996423721,-0.109999999403954,9.85000038146973,0,-0.00109083078249646,0,22,-18.6875,22.6875
9.805,4.04370971071436,0.011999138607461,0.0174532925199433,0.170000001788139,-0.0900000035762787,9.80000019073486,0.00109083078249646,0.00109083078249646,0.00109083078249646,21.5625,-18.6875,23.5
9.929,4.04370971071436,0.011999138607461,0.0174532925199433,0.180000007152557,-0.109999999403954,9.82999992370605,0,0.00109083078249646,-0.00109083078249646,22.375,-18.6875,24.5625
10.053,4.04370971071436,0.011999138607461,0.0174532925199433,0.170000001788139,-0.0900000035762787,9.82999992370605,0,-0.00218166156499291,-0.00109083078249646,22,-18.375,23.875
10.176,4.04370971071436,0.011999138607461,0.0174532925199433,0.180000007152557,-0.100000001490116,9.85999965667725,-0.00109083078249646,0.00109083078249646,-0.00109083078249646,22.6875,-18.375,23.875
10.301,4.04370971071436,0.011999138607461,0.0174532925199433,0.170000001788139,-0.0900000035762787,9.81999969482422,-0.00109083078249646,-0.00218166156499291,0.00109083078249646,21.25,-18.6875,23.875
10.424,4.04370971071436,0.011999138607461,0.0174532925199433,0.170000001788139,-0.0900000035762787,9.82999992370605,-0.00109083078249646,0.00109083078249646,-0.00109083078249646,21.6875,-18.375,23.875
10.549,4.04370971071436,0.011999138607461,0.0174532925199433,0.180000007152557,-0.119999997317791,9.85000038146973,0,0,0,22,-18.6875,23.875
10.673,4.04370971071436,0.011999138607461,0.0174532925199433,0.180000007152557,-0.0900000035762787,9.84000015258789,-0.00109083078249646,0.00109083078249646,-0.00109083078249646,22.375,-18.6875,23.875
10.797,4.04370971071436,0.011999138607461,0.0174532925199433,0.170000001788139,-0.100000001490116,9.85000038146973,0,-0.00109083078249646,-0.00109083078249646,22,-18.375,23.0625
10.921,4.04370971071436,0.011999138607461,0.0174532925199433,0.180000007152557,-0.100000001490116,9.8100004196167,-0.00109083078249646,-0.00109083078249646,-0.00109083078249646,22,-18,22.6875
11.044,4.04370971071436,0.011999138607461,0.0174532925199433,0.180000007152557,-0.0900000035762787,9.85000038146973,-0.00109083078249646,0.00218166156499291,0,22.375,-18.375,23.0625
11.169,4.04370971071436,0.011999138607461,0.0174532925199433,0.159999996423721,-0.109999999403954,9.85999965667725,-0.00109083078249646,0,0.00218166156499291,22.375,-18.6875,24.25
11.291,4.04370971071436,0.011999138607461,0.0174532925199433,0.180000007152557,-0.0900000035762787,9.85999965667725,0.00327249234748937,0.00218166156499291,-0.00218166156499291,21.5625,-17.5625,22.6875
11.418,4.04370971071436,0.011999138607461,0.0174532925199433,0.159999996423721,-0.0900000035762787,9.81999969482422,0,0,0,22,-17.5625,23.5
11.54,4.04370971071436,0.011999138607461,0.0174532925199433,0.180000007152557,-0.109999999403954,9.84000015258789,-0.00218166156499291,-0.00327249234748937,-0.00109083078249646,23.0625,-18,24.25
11.666,4.04370971071436,0.011999138607461,0.0174532925199433,0.189999997615814,-0.100000001490116,9.81999969482422,-0.00109083078249646,0,0,22.375,-17.1875,23.875
11.789,4.04370971071436,0.011999138607461,0.0174532925199433,0.159999996423721,-0.0900000035762787,9.84000015258789,-0.00109083078249646,-0.00218166156499291,0,20.875,-17.1875,23.875
11.914,4.04370971071436,0.011999138607461,0.0174532925199433,0.189999997615814,-0.100000001490116,9.81999969482422,-0.00327249234748937,0.00218166156499291,0.00109083078249646,21.25,-18.375,23.875
12.037,4.04370971071436,0.011999138607461,0.0174532925199433,0.170000001788139,-0.100000001490116,9.84000015258789,0.00109083078249646,0,0.00109083078249646,21.6875,-17.5625,24.25
12.162,4.04370971071436,0.011999138607461,0.0174532925199433,0.180000007152557,-0.109999999403954,9.82999992370605,0,0.00109083078249646,-0.00218166156499291,21.25,-18,23.5
12.286,4.04370971071436,0.011999138607461,0.0174532925199433,0.170000001788139,-0.0900000035762787,9.85000038146973,-0.00436332312998582,-0.00218166156499291,0,22,-18.6875,23.5
12.41,4.04370971071436,0.011999138607461,0.0174532925199433,0.159999996423721,-0.109999999403954,9.84000015258789,0.00109083078249646,-0.00436332312998582,0,21.5625,-18,23.5
12.534,4.04370971071436,0.011999138607461,0.0174532925199433,0.180000007152557,-0.0900000035762787,9.82999992370605,0.00109083078249646,0.00218166156499291,0,21.25,-18.375,23.875
12.658,4.04370971071436,0.011999138607461,0.0174532925199433,0.180000007152557,-0.119999997317791,9.81999969482422,0.00109083078249646,0.00327249234748937,0,22,-17.5625,23.875
12.783,4.04370971071436,0.011999138607461,0.0174532925199433,0.170000001788139,-0.100000001490116,9.85000038146973,-0.00218166156499291,0.00436332312998582,-0.00218166156499291,21.5625,-17.1875,23.0625
12.906,4.04370971071436,0.011999138607461,0.0174532925199433,0.180000007152557,-0.100000001490116,9.85000038146973,0,0.00109083078249646,0.00109083078249646,22,-18,23.5
13.031,4.04370971071436,0.011999138607461,0.0174532925199433,0.170000001788139,-0.100000001490116,9.81999969482422,0.00109083078249646,-0.00109083078249646,-0.00218166156499291,21.25,-18.375,23.875
13.154,4.04370971071436,0.011999138607461,0.0174532925199433,0.170000001788139,-0.100000001490116,9.84000015258789,-0.00218166156499291,0.00109083078249646,-0.00109083078249646,22,-17.5625,24.25
13.28,4.04370971071436,0.011999138607461,0.0174532925199433,0.150000005960464,-0.100000001490116,9.81999969482422,0.00109083078249646,-0.00109083078249646,-0.00109083078249646,21.5625,-18.375,23.0625
13.402,4.04370971071436,0.011999138607461,0.0174532925199433,0.170000001788139,-0.100000001490116,9.84000015258789,0.00109083078249646,0.00218166156499291,-0.00109083078249646,22.375,-18,23.875
13.528,4.04370971071436,0.011999138607461,0.0174532925199433,0.180000007152557,-0.100000001490116,9.81999969482422,0,-0.00109083078249646,-0.00109083078249646,22.375,-18,23.0625
13.651,4.04370971071436,0.011999138607461,0.0174532925199433,0.180000007152557,-0.100000001490116,9.82999992370605,-0.00218166156499291,-0.00436332312998582,-0.00109083078249646,21.5625,-18.375,23.5
13.777,4.04370971071436,0.011999138607461,0.0174532925199433,0.180000007152557,-0.100000001490116,9.8100004196167,0.00109083078249646,0.00109083078249646,0,21.25,-18,24.5625
13.899,4.04370971071436,0.011999138607461,0.0174532925199433,0.180000007152557,-0.109999999403954,9.84000015258789,0,0.00218166156499291,0.00109083078249646,22.375,-18,23.875
14.024,4.04370971071436,0.011999138607461,0.0174532925199433,0.170000001788139,-0.0900000035762787,9.80000019073486,0.00218166156499291,0.00218166156499291,0,21.5625,-17.1875,24.25
14.147,4.04370971071436,0.011999138607461,0.0174532925199433,0.159999996423721,-0.100000001490116,9.85000038146973,0,0.00109083078249646,-0.00109083078249646,21.6875,-18.6875,23.875
14.272,4.04370971071436,0.011999138607461,0.0174532925199433,0.180000007152557,-0.119999997317791,9.86999988555908,-0.00109083078249646,-0.00109083078249646,-0.00218166156499291,21.5625,-17.5625,23.875
14.396,4.04370971071436,0.011999138607461,0.0174532925199433,0.180000007152557,-0.100000001490116,9.8100004196167,0.00109083078249646,0.00327249234748937,0,20.875,-18.375,24.25
14.521,4.04370971071436,0.011999138607461,0.0174532925199433,0.180000007152557,-0.0900000035762787,9.84000015258789,-0.00109083078249646,0.00218166156499291,-0.00109083078249646,21.25,-17.5625,23.0625
14.645,4.04370971071436,0.011999138607461,0.0174532925199433,0.170000001788139,-0.109999999403954,9.82999992370605,-0.00109083078249646,-0.00327249234748937,-0.00327249234748937,20.875,-18.6875,23.0625
14.769,4.04370971071436,0.011999138607461,0.0174532925199433,0.170000001788139,-0.100000001490116,9.81999969482422,0.00109083078249646,0.00109083078249646,0,22.375,-18.375,23.0625
14.895,4.04370971071436,0.011999138607461,0.0174532925199433,0.159999996423721,-0.0900000035762787,9.81999969482422,0.00109083078249646,-0.00545415391248228,0,22,-18,23.0625
15.017,4.04370971071436,0.011999138607461,0.0174532925199433,0.170000001788139,-0.109999999403954,9.85999965667725,-0.00218166156499291,0,-0.00109083078249646,21.25,-18,23.5
15.143,4.04370971071436,0.011999138607461,0.0174532925199433,0.150000005960464,-0.100000001490116,9.81999969482422,0.00109083078249646,-0.00218166156499291,0,21.5625,-18.375,23.5
15.266,4.04370971071436,0.011999138607461,0.0174532925199433,0.159999996423721,-0.0900000035762787,9.84000015258789,0,0.00218166156499291,-0.00109083078249646,21.25,-18.375,22.6875
15.392,4.04370971071436,0.011999138607461,0.0174532925199433,0.180000007152557,-0.109999999403954,9.8100004196167,0.00218166156499291,-0.00218166156499291,0,21.25,-18,24.5625
15.515,4.04370971071436,0.011999138607461,0.0174532925199433,0.180000007152557,-0.0900000035762787,9.81999969482422,-0.00109083078249646,-0.00218166156499291,-0.00109083078249646,22,-17.1875,24.5625
15.64,4.04370971071436,0.011999138607461,0.0174532925199433,0.170000001788139,-0.100000001490116,9.78999996185303,0,0.00109083078249646,-0.00109083078249646,21.6875,-18.375,24.25
15.762,4.04370971071436,0.011999138607461,0.0174532925199433,0.150000005960464,-0.119999997317791,9.85999965667725,0,-0.00109083078249646,0.00109083078249646,21.5625,-18.375,23.5
15.886,4.04370971071436,0.011999138607461,0.0174532925199433,0.180000007152557,-0.109999999403954,9.82999992370605,-0.00218166156499291,-0.00218166156499291,-0.00109083078249646,21.6875,-18,23.0625
16.007,4.04370971071436,0.011999138607461,0.0174532925199433,0.159999996423721,-0.100000001490116,9.84000015258789,0,-0.00109083078249646,0,21.25,-18.375,23.5
16.133,4.04370971071436,0.011999138607461,0.0174532925199433,0.180000007152557,-0.109999999403954,9.84000015258789,0.00109083078249646,0.00109083078249646,0,21.25,-18.6875,24.25
16.256,4.04370971071436,0.011999138607461,0.0174532925199433,0.180000007152557,-0.0799999982118607,9.81999969482422,-0.00109083078249646,0,0,22.375,-18.6875,23.5
16.381,4.04370971071436,0.011999138607461,0.0174532925199433,0.159999996423721,-0.119999997317791,9.82999992370605,0.00218166156499291,-0.00218166156499291,0,21.6875,-18.6875,23.5
16.506,4.04370971071436,0.011999138607461,0.0174532925199433,0.170000001788139,-0.100000001490116,9.82999992370605,0.00109083078249646,0.00218166156499291,0,21.5625,-18.375,23.0625
16.631,4.04370971071436,0.011999138607461,0.0174532925199433,0.189999997615814,-0.0900000035762787,9.84000015258789,0.00109083078249646,-0.00327249234748937,-0.00218166156499291,21.6875,-18.375,23.0625
16.755,4.04370971071436,0.011999138607461,0.0174532925199433,0.170000001788139,-0.0900000035762787,9.8100004196167,-0.00109083078249646,-0.00109083078249646,-0.00109083078249646,22,-18,23.875
16.878,4.04370971071436,0.011999138607461,0.0174532925199433,0.180000007152557,-0.100000001490116,9.84000015258789,0,0.00218166156499291,0,21.5625,-17.1875,23.5
17.004,4.04370971071436,0.011999138607461,0.0174532925199433,0.170000001788139,-0.100000001490116,9.81999969482422,-0.00109083078249646,0,-0.00109083078249646,22,-18.375,23.5
17.127,4.04370971071436,0.011999138607461,0.0174532925199433,0.170000001788139,-0.100000001490116,9.85000038146973,0.00218166156499291,0.00545415391248228,0,21.5625,-18.6875,23.5
17.253,4.04370971071436,0.011999138607461,0.0174532925199433,0.170000001788139,-0.100000001490116,9.78999996185303,0.00109083078249646,0.00327249234748937,-0.00109083078249646,22.375,-18,24.25
17.376,4.04370971071436,0.011999138607461,0.0174532925199433,0.170000001788139,-0.100000001490116,9.82999992370605,0,0.00218166156499291,-0.00109083078249646,22.375,-18.375,23.875
17.502,4.04370971071436,0.011999138607461,0.0174532925199433,0.180000007152557,-0.0900000035762787,9.82999992370605,0,-0.00436332312998582,0,21.5625,-18,23.5
17.626,4.04370971071436,0.011999138607461,0.0174532925199433,0.180000007152557,-0.100000001490116,9.85000038146973,0,0,0.00109083078249646,21.5625,-17.5625,23.0625
17.751,4.04370971071436,0.011999138607461,0.0174532925199433,0.180000007152557,-0.119999997317791,9.84000015258789,-0.00218166156499291,-0.00218166156499291,0,21.6875,-18,22.25
17.875,4.04370971071436,0.011999138607461,0.0174532925199433,0.200000002980232,-0.100000001490116,9.82999992370605,-0.00218166156499291,0,0,21.6875,-18,23.875
18,4.04370971071436,0.011999138607461,0.0174532925199433,0.180000007152557,-0.100000001490116,9.82999992370605,0.00218166156499291,-0.00109083078249646,-0.00109083078249646,22,-18.375,23.875
18.123,4.04370971071436,0.011999138607461,0.0174532925199433,0.170000001788139,-0.109999999403954,9.82999992370605,0.00218166156499291,0,0.00109083078249646,22.375,-18.6875,24.25
18.247,4.04370971071436,0.011999138607461,0.0174532925199433,0.180000007152557,-0.0900000035762787,9.85000038146973,0.00109083078249646,0,0,21.25,-18.375,23.875
18.372,4.04370971071436,0.011999138607461,0.0174532925199433,0.159999996423721,-0.109999999403954,9.81999969482422,-0.00109083078249646,0.00109083078249646,-0.00218166156499291,21.6875,-18.375,23.875
18.496,4.04370971071436,0.011999138607461,0.0174532925199433,0.159999996423721,-0.0900000035762787,9.82999992370605,-0.00109083078249646,0.00218166156499291,-0.00109083078249646,22,-18,23.0625
18.621,4.04370971071436,0.011999138607461,0.0174532925199433,0.180000007152557,-0.100000001490116,9.84000015258789,0.00109083078249646,-0.00109083078249646,0,21.5625,-17.5625,23.5
18.744,4.04370971071436,0.011999138607461,0.0174532925199433,0.170000001788139,-0.100000001490116,9.82999992370605,0,-0.00109083078249646,-0.00109083078249646,20.5625,-17.5625,23.5
18.87,4.04370971071436,0.011999138607461,0.0174532925199433,0.180000007152557,-0.100000001490116,9.82999992370605,-0.00109083078249646,-0.00218166156499291,-0.00109083078249646,20.875,-18.375,23.875
18.993,4.04370971071436,0.011999138607461,0.0174532925199433,0.159999996423721,-0.0900000035762787,9.85000038146973,0.00109083078249646,-0.00327249234748937,-0.00109083078249646,20.875,-18.375,23.875
19.119,4.04370971071436,0.011999138607461,0.0174532925199433,0.180000007152557,-0.100000001490116,9.8100004196167,0,-0.00327249234748937,0,21.25,-18.375,23.0625
19.243,4.04370971071436,0.011999138607461,0.0174532925199433,0.159999996423721,-0.0900000035762787,9.82999992370605,-0.00109083078249646,0.00327249234748937,-0.00218166156499291,21.6875,-18.6875,23.5
19.369,4.04370971071436,0.011999138607461,0.0174532925199433,0.180000007152557,-0.109999999403954,9.8100004196167,-0.00109083078249646,-0.00218166156499291,0,21.6875,-18.6875,24.5625
19.492,4.04370971071436,0.011999138607461,0.0174532925199433,0.189999997615814,-0.0900000035762787,9.81999969482422,-0.00109083078249646,0,-0.00109083078249646,22,-18.375,23.875
19.616,4.04370971071436,0.011999138607461,0.0174532925199433,0.180000007152557,-0.0900000035762787,9.85000038146973,-0.00218166156499291,-0.00436332312998582,0.00218166156499291,22,-18,23.875
19.739,4.04370971071436,0.011999138607461,0.0174532925199433,0.159999996423721,-0.109999999403954,9.82999992370605,0.00109083078249646,0,-0.00109083078249646,21.6875,-19,24.25
19.864,4.04370971071436,0.011999138607461,0.0174532925199433,0.159999996423721,-0.109999999403954,9.85000038146973,0.00109083078249646,0.00327249234748937,-0.00109083078249646,22.375,-18.6875,23.0625
19.988,4.04370971071436,0.011999138607461,0.0174532925199433,0.170000001788139,-0.0900000035762787,9.85999965667725,0.00327249234748937,0.00545415391248228,0,21.6875,-18.375,24.25
20.114,4.04370971071436,0.011999138607461,0.0174532925199433,0.189999997615814,-0.119999997317791,9.84000015258789,0.00109083078249646,0.00436332312998582,-0.00109083078249646,21.25,-17.5625,21.875
20.237,4.04370971071436,0.011999138607461,0.0174532925199433,0.170000001788139,-0.100000001490116,9.82999992370605,0,-0.00109083078249646,0,21.6875,-18,24.25
20.361,4.04370971071436,0.011999138607461,0.0174532925199433,0.180000007152557,-0.109999999403954,9.85000038146973,0,0.00109083078249646,0,21.6875,-18.375,24.25
20.487,4.04370971071436,0.011999138607461,0.0174532925199433,0.159999996423721,-0.0799999982118607,9.81999969482422,-0.00218166156499291,0,0.00109083078249646,21.25,-17.5625,23.0625
20.61,4.04370971071436,0.011999138607461,0.0174532925199433,0.180000007152557,-0.100000001490116,9.85000038146973,0.00218166156499291,0.00109083078249646,0,20.5625,-18,23.875
20.736,4.04370971071436,0.011999138607461,0.0174532925199433,0.170000001788139,-0.119999997317791,9.82999992370605,0.00218166156499291,-0.00327249234748937,-0.00109083078249646,21.6875,-18.375,23.5
20.86,4.04370971071436,0.011999138607461,0.0174532925199433,0.180000007152557,-0.0900000035762787,9.82999992370605,0,-0.00436332312998582,0,22,-18.375,22.6875
20.986,4.04370971071436,0.011999138607461,0.0174532925199433,0.159999996423721,-0.0900000035762787,9.84000015258789,0.00327249234748937,0.00327249234748937,0.00109083078249646,21.25,-18.375,23.0625
21.11,4.04370971071436,0.011999138607461,0.0174532925199433,0.150000005960464,-0.109999999403954,9.8100004196167,0,0,-0.00109083078249646,21.5625,-17.5625,23.0625
21.236,4.04370971071436,0.011999138607461,0.0174532925199433,0.170000001788139,-0.100000001490116,9.81999969482422,0,0.00218166156499291,0.00327249234748937,20.875,-18.375,25.0625
21.36,4.04370971071436,0.011999138607461,0.0174532925199433,0.170000001788139,-0.100000001490116,9.82999992370605,-0.00109083078249646,-0.00109083078249646,0.00109083078249646,22.375,-18,24.25
21.484,4.04370971071436,0.011999138607461,0.0174532925199433,0.180000007152557,-0.100000001490116,9.82999992370605,-0.00109083078249646,-0.00218166156499291,-0.00109083078249646,21.25,-17.5625,23.875
21.608,4.04370971071436,0.011999138607461,0.0174532925199433,0.159999996423721,-0.0900000035762787,9.84000015258789,0.00327249234748937,0.00218166156499291,0.00109083078249646,21.6875,-17.5625,23.0625
21.732,4.04370971071436,0.011999138607461,0.0174532925199433,0.180000007152557,-0.100000001490116,9.81999969482422,0,-0.00218166156499291,0.00109083078249646,22.375,-18.375,24.5625
21.856,4.04370971071436,0.011999138607461,0.0174532925199433,0.170000001788139,-0.109999999403954,9.84000015258789,0.00109083078249646,-0.00327249234748937,0.00109083078249646,22,-17.5625,24.5625
21.982,4.04370971071436,0.011999138607461,0.0174532925199433,0.159999996423721,-0.100000001490116,9.81999969482422,-0.00109083078249646,-0.00218166156499291,0.00327249234748937,21.25,-17.5625,23.5
22.106,4.04370971071436,0.011999138607461,0.0174532925199433,0.180000007152557,-0.119999997317791,9.84000015258789,0.00218166156499291,0.00109083078249646,0,21.6875,-18.375,24.25
22.229,4.04370971071436,0.011999138607461,0.0174532925199433,0.180000007152557,-0.0900000035762787,9.82999992370605,0.00109083078249646,0.00109083078249646,-0.00109083078249646,21.6875,-18.375,23.875
22.355,4.04370971071436,0.011999138607461,0.0174532925199433,0.180000007152557,-0.109999999403954,9.85000038146973,0,-0.00109083078249646,-0.00218166156499291,21.6875,-18,23.875
22.477,4.04370971071436,0.011999138607461,0.0174532925199433,0.180000007152557,-0.0799999982118607,9.82999992370605,0,-0.00109083078249646,-0.00109083078249646,22,-18,24.25
22.603,4.04370971071436,0.011999138607461,0.0174532925199433,0.170000001788139,-0.100000001490116,9.82999992370605,0.00109083078249646,-0.00218166156499291,0,21.5625,-18.375,22.25
22.727,4.04370971071436,0.011999138607461,0.0174532925199433,0.170000001788139,-0.119999997317791,9.84000015258789,-0.00218166156499291,0.00327249234748937,0,21.5625,-18,23.5
22.851,4.04370971071436,0.011999138607461,0.0174532925199433,0.180000007152557,-0.100000001490116,9.85000038146973,0.00109083078249646,-0.00218166156499291,0,22.6875,-18,23.0625
22.975,4.04370971071436,0.011999138607461,0.0174532925199433,0.170000001788139,-0.100000001490116,9.85000038146973,-0.00218166156499291,0.00545415391248228,0.00109083078249646,21.25,-18.375,23.0625
23.102,4.04370971071436,0.011999138607461,0.0174532925199433,0.180000007152557,-0.100000001490116,9.82999992370605,0,0.00109083078249646,0.00109083078249646,21.5625,-17.5625,22.6875
23.224,4.04370971071436,0.011999138607461,0.0174532925199433,0.159999996423721,-0.109999999403954,9.82999992370605,0,0,-0.00218166156499291,22,-17.5625,22.25
23.349,4.04370971071436,0.011999138607461,0.0174532925199433,0.170000001788139,-0.100000001490116,9.81999969482422,0.00218166156499291,0.00109083078249646,-0.00218166156499291,21.6875,-18,23.5
23.473,4.04370971071436,0.011999138607461,0.0174532925199433,0.170000001788139,-0.0900000035762787,9.85999965667725,0.00109083078249646,-0.00109083078249646,0.00109083078249646,21.6875,-18,22.25
23.597,4.04370971071436,0.011999138607461,0.0174532925199433,0.150000005960464,-0.0900000035762787,9.85999965667725,-0.00436332312998582,-0.00436332312998582,0.00109083078249646,21.6875,-18,22.6875
23.721,4.04370971071436,0.011999138607461,0.0174532925199433,0.180000007152557,-0.109999999403954,9.85000038146973,-0.00109083078249646,-0.00109083078249646,-0.00218166156499291,22,-18,24.25
23.846,4.04370971071436,0.011999138607461,0.0174532925199433,0.159999996423721,-0.129999995231628,9.84000015258789,0.00109083078249646,0.00109083078249646,-0.00109083078249646,22,-18.375,22.25
23.971,4.04370971071436,0.011999138607461,0.0174532925199433,0.150000005960464,-0.100000001490116,9.85000038146973,-0.00109083078249646,0.00218166156499291,-0.00109083078249646,20.875,-17.1875,23.0625
24.095,4.04370971071436,0.011999138607461,0.0174532925199433,0.159999996423721,-0.100000001490116,9.84000015258789,0.00327249234748937,0.00327249234748937,0.00109083078249646,21.6875,-18.375,22.6875
24.22,4.04370971071436,0.011999138607461,0.0174532925199433,0.170000001788139,-0.100000001490116,9.84000015258789,0.00218166156499291,0,0.00109083078249646,21.6875,-18.375,23.875
24.344,4.04370971071436,0.011999138607461,0.0174532925199433,0.140000000596046,-0.109999999403954,9.81999969482422,-0.00109083078249646,0.00545415391248228,-0.00218166156499291,21.25,-18.375,23.0625
24.47,4.05134552619184,0.011999138607461,0.0174532925199433,0.180000007152557,-0.159999996423721,9.81999969482422,0,-0.00654498469497874,-0.314159265358979,21.6875,-18,24.25
24.594,4.08952460357921,0.0109083078249646,0.0174532925199433,0.140000000596046,-0.219999998807907,9.85000038146973,-0.00436332312998582,-0.00872664625997165,-0.442877297693561,22.375,-16.5,23.875
24.719,4.13970281957405,0.0098174770424681,0.0185441233024398,0.0700000002980232,-0.180000007152557,9.85000038146973,-0.00763581547747519,-0.00763581547747519,-0.513781298555831,23.5,-15.6875,23.0625
24.842,4.20515266652384,0.00872664625997165,0.0196349540849362,0.200000002980232,-0.0700000002980232,9.81999969482422,-0.00436332312998582,-0.0130899693899575,-0.647953484802895,25,-13.5,23.5625
24.968,4.28041999051609,0.00654498469497874,0.0218166156499291,0.200000002980232,-0.330000013113022,9.85000038146973,-0.00218166156499291,-0.0141808001724539,-0.855211333477221,25.375,-13.1875,23.0625
25.091,4.37641309937578,0.00436332312998582,0.023998277214922,0.230000004172325,-0.100000001490116,9.84000015258789,-0.00218166156499291,-0.0109083078249646,-0.795215640439916,26.75,-9.75,23.5
25.216,4.47131537745297,0.00109083078249646,0.0261799387799149,0.310000002384186,-0.109999999403954,9.81999969482422,-0.00109083078249646,-0.011999138607461,-0.867210472084682,26.6875,-7.5625,23.875
25.34,4.56730848631266,0,0.0272707695624114,0.400000005960464,0.0700000002980232,9.84000015258789,-0.00109083078249646,-0.023998277214922,-0.908662041819548,26.375,-5.5625,23.1875
25.464,4.66548325673734,-0.00327249234748937,0.0283616003449079,0.239999994635582,-0.0399999991059303,9.85999965667725,-0.00109083078249646,-0.0283616003449079,-0.917388688079519,27.75,-3,24.375
25.588,4.78002048889947,-0.00763581547747519,0.0305432619099008,0.270000010728836,0.0199999995529652,9.82999992370605,-0.00109083078249646,-0.0283616003449079,-0.883572933822129,27.0625,1.1875,22
25.713,4.87710442854165,-0.0109083078249646,0.0316340926923972,0.319999992847443,0.0299999993294477,9.80000019073486,-0.00436332312998582,-0.0185441233024398,-0.700313362362725,27.0625,3.75,22.75
25.837,4.95019009096892,-0.0130899693899575,0.0316340926923972,0.340000003576279,0.100000001490116,9.81999969482422,-0.00218166156499291,-0.0130899693899575,-0.620682715240483,25.5,5.25,23.5625
25.961,5.02327575339618,-0.0152716309549504,0.0316340926923972,0.349999994039536,0.129999995231628,9.81999969482422,0,-0.00872664625997165,-0.643590161672909,25.5,7.0625,24.6875
26.087,5.09199809269346,-0.0185441233024398,0.0316340926923972,0.270000010728836,0.150000005960464,9.81999969482422,-0.00218166156499291,-0.00218166156499291,-0.556323699073193,24.75,9.0625,24
26.209,5.15417544729575,-0.0207257848674327,0.0305432619099008,0.239999994635582,0.180000007152557,9.8100004196167,-0.00109083078249646,-0.0141808001724539,-0.574867822375632,24,11.6875,23.5625
26.335,5.22398861737553,-0.0229074464324256,0.0294524311274043,0.280000001192093,0.230000004172325,9.82999992370605,0,-0.011999138607461,-0.721039147230157,22.875,13.1875,23.1875
26.458,5.30034677215028,-0.0250891079974185,0.0294524311274043,0.25,0.219999998807907,9.84000015258789,-0.00327249234748937,-0.00872664625997165,-0.585776130200597,22.1875,13.875,24
26.584,5.35816080362259,-0.0261799387799149,0.0283616003449079,0.25,0.270000010728836,9.82999992370605,0,-0.00327249234748937,-0.345793358051377,21.0625,15.375,24
26.708,5.40724818883493,-0.0283616003449079,0.0272707695624114,0.219999998807907,0.280000001192093,9.81999969482422,-0.00109083078249646,-0.00763581547747519,-0.127627201552085,20.375,15.375,23.5625
26.834,5.42361065057238,-0.0283616003449079,0.0261799387799149,0.25,0.259999990463257,9.81999969482422,-0.00327249234748937,-0.00654498469497874,-0.393789912481221,20.5625,15.375,22.375
26.958,5.46506222030724,-0.0294524311274043,0.0250891079974185,0.209999993443489,0.310000002384186,9.85999965667725,-0.00109083078249646,-0.00327249234748937,-0.211621171804312,19.0625,16.875,24.375
27.083,5.48469717439218,-0.0305432619099008,0.023998277214922,0.230000004172325,0.28999999165535,9.81999969482422,-0.00327249234748937,0,-0.00218166156499291,18.375,17.1875,24
27.207,5.48360634360968,-0.0305432619099008,0.023998277214922,0.239999994635582,0.319999992847443,9.81999969482422,-0.00327249234748937,0.00218166156499291,0,18.75,16.875,24.6875
27.331,5.48033385126219,-0.0305432619099008,0.023998277214922,0.209999993443489,0.330000013113022,9.81999969482422,-0.00545415391248228,-0.00218166156499291,-0.125445539987092,19.0625,17.1875,24
27.454,5.48906049752217,-0.0305432619099008,0.023998277214922,0.25,0.300000011920929,9.81999969482422,0,0.00109083078249646,0,18.375,17.5625,24
27.579,5.49124215908716,-0.0305432619099008,0.023998277214922,0.219999998807907,0.310000002384186,9.8100004196167,-0.00109083078249646,0.00218166156499291,0,18,17.5625,24
27.703,5.49015132830466,-0.0305432619099008,0.023998277214922,0.270000010728836,0.319999992847443,9.8100004196167,-0.00327249234748937,-0.00218166156499291,0.00109083078249646,18.375,17.5625,23.5625
27.828,5.48906049752217,-0.0305432619099008,0.023998277214922,0.209999993443489,0.300000011920929,9.8100004196167,-0.00218166156499291,0,-0.00109083078249646,18.375,18,23.5625
27.953,5.48796966673967,-0.0305432619099008,0.023998277214922,0.259999990463257,0.319999992847443,9.85000038146973,-0.00545415391248228,-0.00109083078249646,0,18.75,17.5625,24.375
28.076,5.48687883595717,-0.0305432619099008,0.023998277214922,0.209999993443489,0.340000003576279,9.80000019073486,-0.00436332312998582,0,-0.00109083078249646,18.375,17.1875,22.75
28.203,5.48469717439218,-0.0305432619099008,0.023998277214922,0.239999994635582,0.340000003576279,9.82999992370605,-0.00109083078249646,-0.00109083078249646,0.00218166156499291,18,17.5625,23.5625
28.326,5.48360634360968,-0.0305432619099008,0.023998277214922,0.209999993443489,0.310000002384186,9.80000019073486,0,-0.00327249234748937,0.00109083078249646,17.5625,17.5625,22.75
28.45,5.48360634360968,-0.0305432619099008,0.023998277214922,0.270000010728836,0.340000003576279,9.85999965667725,-0.00436332312998582,-0.00218166156499291,-0.00109083078249646,18.375,17.5625,23.5625
28.575,5.48360634360968,-0.0305432619099008,0.023998277214922,0.239999994635582,0.330000013113022,9.8100004196167,-0.00218166156499291,-0.00109083078249646,0.00109083078249646,18,17.5625,23.1875
28.7,5.48360634360968,-0.0305432619099008,0.023998277214922,0.25,0.319999992847443,9.85000038146973,-0.00109083078249646,-0.00109083078249646,0.00109083078249646,18,16.875,22.375
28.824,5.48360634360968,-0.0305432619099008,0.023998277214922,0.25,0.28999999165535,9.81999969482422,-0.00436332312998582,0.00109083078249646,0.00218166156499291,18.75,16.875,22.75
28.949,5.48360634360968,-0.0305432619099008,0.023998277214922,0.280000001192093,0.28999999165535,9.84000015258789,0,0.00327249234748937,0,18,17.1875,23.1875
29.072,5.48360634360968,-0.0305432619099008,0.023998277214922,0.200000002980232,0.310000002384186,9.82999992370605,0,0,0,18,16.875,24
29.197,5.48360634360968,-0.0305432619099008,0.023998277214922,0.280000001192093,0.319999992847443,9.8100004196167,0.00109083078249646,0,0,18.375,16.875,23.1875
29.322,5.48360634360968,-0.0305432619099008,0.023998277214922,0.219999998807907,0.330000013113022,9.85999965667725,0.00109083078249646,-0.00109083078249646,0.00109083078249646,18.375,17.1875,23.5625
29.445,5.48360634360968,-0.0305432619099008,0.023998277214922,0.25,0.330000013113022,9.82999992370605,0.00218166156499291,-0.00545415391248228,0,18.375,16.875,22.75
29.569,5.48360634360968,-0.0305432619099008,0.023998277214922,0.219999998807907,0.280000001192093,9.84000015258789,0.00109083078249646,0,-0.00109083078249646,18.375,16.875,23.5625
29.693,5.48360634360968,-0.0305432619099008,0.023998277214922,0.270000010728836,0.330000013113022,9.82999992370605,0.00218166156499291,0.00109083078249646,0.00218166156499291,18.375,16.875,23.5625
29.819,5.48360634360968,-0.0305432619099008,0.023998277214922,0.219999998807907,0.300000011920929,9.82999992370605,-0.00109083078249646,-0.00109083078249646,0.00109083078249646,18,17.5625,22.375
29.943,5.48360634360968,-0.0305432619099008,0.023998277214922,0.270000010728836,0.310000002384186,9.82999992370605,0,-0.00109083078249646,0,18.375,17.5625,23.5625
30.069,5.48360634360968,-0.0305432619099008,0.023998277214922,0.25,0.28999999165535,9.81999969482422,0.00327249234748937,-0.00109083078249646,-0.00109083078249646,18.375,16.0625,23.5625
30.193,5.48360634360968,-0.0305432619099008,0.023998277214922,0.259999990463257,0.28999999165535,9.81999969482422,-0.00109083078249646,-0.00109083078249646,0,18.75,16.875,23.5625
30.319,5.48360634360968,-0.0305432619099008,0.023998277214922,0.239999994635582,0.300000011920929,9.82999992370605,0,-0.00327249234748937,0.00109083078249646,18.375,16.875,23.1875
30.443,5.48360634360968,-0.0305432619099008,0.023998277214922,0.25,0.310000002384186,9.80000019073486,0,-0.00109083078249646,0,18.375,18,23.1875
30.567,5.48360634360968,-0.0305432619099008,0.023998277214922,0.239999994635582,0.280000001192093,9.85000038146973,-0.00327249234748937,-0.00109083078249646,-0.00218166156499291,19.0625,17.1875,23.5625
30.692,5.48360634360968,-0.0305432619099008,0.023998277214922,0.25,0.280000001192093,9.80000019073486,0,-0.00218166156499291,-0.00218166156499291,18,17.5625,23.5625
30.817,5.48360634360968,-0.0305432619099008,0.023998277214922,0.25,0.28999999165535,9.8100004196167,-0.00109083078249646,0,-0.00109083078249646,18,16.0625,22.375
30.941,5.48360634360968,-0.0305432619099008,0.023998277214922,0.25,0.300000011920929,9.85000038146973,-0.00109083078249646,-0.00109083078249646,-0.00218166156499291,18.375,17.5625,23.1875
31.065,5.48360634360968,-0.0305432619099008,0.023998277214922,0.230000004172325,0.280000001192093,9.84000015258789,0.00327249234748937,0.00436332312998582,0.00109083078249646,18.375,17.1875,22.75
31.189,5.48360634360968,-0.0305432619099008,0.023998277214922,0.259999990463257,0.280000001192093,9.8100004196167,0,0,0,18,16.0625,23.1875
31.314,5.48360634360968,-0.0305432619099008,0.023998277214922,0.239999994635582,0.300000011920929,9.84000015258789,0.00109083078249646,0.00218166156499291,-0.00109083078249646,18.375,16.875,23.1875
31.439,5.48360634360968,-0.0305432619099008,0.023998277214922,0.259999990463257,0.259999990463257,9.82999992370605,-0.00109083078249646,-0.00109083078249646,0.00109083078249646,18,16.0625,23.5625
31.562,5.48360634360968,-0.0305432619099008,0.023998277214922,0.239999994635582,0.310000002384186,9.82999992370605,0,0,0,18.75,17.1875,22.75
31.687,5.48360634360968,-0.0305432619099008,0.023998277214922,0.230000004172325,0.28999999165535,9.84000015258789,-0.00109083078249646,0,0.00218166156499291,18,16.5,23.1875
31.81,5.48360634360968,-0.0305432619099008,0.023998277214922,0.25,0.330000013113022,9.80000019073486,0,0,0.00109083078249646,18,17.1875,23.1875
31.935,5.48360634360968,-0.0305432619099008,0.023998277214922,0.270000010728836,0.310000002384186,9.8100004196167,-0.00109083078249646,-0.00218166156499291,-0.00109083078249646,18.75,16.875,23.5625
32.059,5.48360634360968,-0.0305432619099008,0.023998277214922,0.25,0.300000011920929,9.8100004196167,0.00109083078249646,0,0.00109083078249646,19.5,16.875,24
32.186,5.48360634360968,-0.0305432619099008,0.023998277214922,0.25,0.310000002384186,9.82999992370605,0,-0.00218166156499291,-0.00109083078249646,19.0625,17.1875,22.75
32.309,5.48360634360968,-0.0305432619099008,0.023998277214922,0.259999990463257,0.300000011920929,9.80000019073486,0,0.00436332312998582,-0.00109083078249646,18,17.1875,24
32.435,5.48360634360968,-0.0305432619099008,0.023998277214922,0.25,0.300000011920929,9.81999969482422,-0.00109083078249646,-0.00109083078249646,-0.00218166156499291,17.5625,16.875,24.375
32.557,5.48360634360968,-0.0305432619099008,0.023998277214922,0.239999994635582,0.310000002384186,9.78999996185303,0,-0.00327249234748937,0.00109083078249646,18.375,17.1875,23.1875
32.683,5.48360634360968,-0.0305432619099008,0.023998277214922,0.259999990463257,0.300000011920929,9.81999969482422,-0.00109083078249646,0.00109083078249646,0,18.375,16.5,23.5625
32.806,5.48360634360968,-0.0305432619099008,0.023998277214922,0.230000004172325,0.300000011920929,9.8100004196167,-0.00218166156499291,0.00109083078249646,0.00109083078249646,18,16.0625,23.1875
32.931,5.48360634360968,-0.0305432619099008,0.023998277214922,0.239999994635582,0.28999999165535,9.81999969482422,0,-0.00327249234748937,0.00218166156499291,18,16.875,22.375
33.055,5.48360634360968,-0.0305432619099008,0.023998277214922,0.25,0.28999999165535,9.84000015258789,0.00109083078249646,0,-0.00109083078249646,17.5625,16.5,22.75
33.18,5.48360634360968,-0.0305432619099008,0.023998277214922,0.270000010728836,0.28999999165535,9.84000015258789,0.00109083078249646,-0.00218166156499291,0,18,16.5,23.5625
33.305,5.48360634360968,-0.0305432619099008,0.023998277214922,0.25,0.28999999165535,9.81999969482422,-0.00109083078249646,-0.00109083078249646,-0.00109083078249646,18.375,18,23.5625
33.429,5.48360634360968,-0.0305432619099008,0.023998277214922,0.25,0.300000011920929,9.84000015258789,0,0.00109083078249646,0,17.5625,16.875,22.75
33.555,5.48360634360968,-0.0305432619099008,0.023998277214922,0.259999990463257,0.310000002384186,9.81999969482422,-0.00218166156499291,-0.00109083078249646,0.00109083078249646,18.375,18,23.5625
33.678,5.48360634360968,-0.0305432619099008,0.023998277214922,0.259999990463257,0.28999999165535,9.85000038146973,0,0.00218166156499291,-0.00218166156499291,18.375,16.5,22.375
33.804,5.48360634360968,-0.0305432619099008,0.023998277214922,0.230000004172325,0.280000001192093,9.82999992370605,-0.00109083078249646,-0.00109083078249646,-0.00109083078249646,18.75,16.0625,23.1875
33.928,5.48360634360968,-0.0305432619099008,0.023998277214922,0.270000010728836,0.300000011920929,9.81999969482422,-0.00109083078249646,-0.00109083078249646,-0.00218166156499291,18,16.875,22.75
34.054,5.48360634360968,-0.0305432619099008,0.023998277214922,0.219999998807907,0.280000001192093,9.82999992370605,0,0.00109083078249646,0.00109083078249646,18.75,16.5,22.75
34.178,5.48360634360968,-0.0305432619099008,0.023998277214922,0.270000010728836,0.310000002384186,9.85000038146973,0,-0.00109083078249646,-0.00109083078249646,18.75,17.5625,22.75
34.302,5.48360634360968,-0.0305432619099008,0.023998277214922,0.230000004172325,0.28999999165535,9.82999992370605,0,-0.00109083078249646,-0.00327249234748937,18,16.5,23.1875
34.424,5.48360634360968,-0.0305432619099008,0.023998277214922,0.270000010728836,0.280000001192093,9.84000015258789,-0.00109083078249646,0,0.00109083078249646,18,17.1875,22.75
34.549,5.48360634360968,-0.0305432619099008,0.023998277214922,0.25,0.280000001192093,9.82999992370605,-0.00218166156499291,-0.00327249234748937,-0.00218166156499291,18,17.1875,24.375
34.673,5.48360634360968,-0.0305432619099008,0.023998277214922,0.280000001192093,0.28999999165535,9.81999969482422,0.00109083078249646,0,-0.00109083078249646,18.75,17.1875,23.1875
34.798,5.48360634360968,-0.0305432619099008,0.023998277214922,0.25,0.28999999165535,9.84000015258789,0,0,-0.00218166156499291,18.375,16.5,23.1875
34.921,5.48360634360968,-0.0305432619099008,0.023998277214922,0.270000010728836,0.280000001192093,9.81999969482422,0,0,-0.00109083078249646,18,16.0625,23.1875
35.046,5.48360634360968,-0.0305432619099008,0.023998277214922,0.239999994635582,0.280000001192093,9.82999992370605,0.00109083078249646,0,0.00109083078249646,18.375,16.875,22.75
35.17,5.48360634360968,-0.0305432619099008,0.023998277214922,0.280000001192093,0.28999999165535,9.81999969482422,0.00218166156499291,0.00218166156499291,0.00218166156499291,18.75,16.5,23.5625
35.295,5.48360634360968,-0.0305432619099008,0.023998277214922,0.219999998807907,0.28999999165535,9.78999996185303,-0.00218166156499291,0.00109083078249646,0.00109083078249646,18.75,16.875,24.375
35.421,5.48360634360968,-0.0305432619099008,0.023998277214922,0.259999990463257,0.280000001192093,9.82999992370605,0.00109083078249646,-0.00327249234748937,-0.00109083078249646,18.75,16.875,24.375
35.544,5.48360634360968,-0.0305432619099008,0.023998277214922,0.239999994635582,0.300000011920929,9.80000019073486,0,-0.00545415391248228,0.00327249234748937,18.75,17.1875,23.1875
35.67,5.48360634360968,-0.0305432619099008,0.023998277214922,0.379999995231628,0.340000003576279,9.81999969482422,0.00109083078249646,0.00109083078249646,0.249800249191688,18,18,24
35.794,5.46942554343723,-0.0305432619099008,0.023998277214922,0.28999999165535,0.310000002384186,9.78999996185303,0,0.00327249234748937,0.152716309549504,18.75,16.1875,24
35.92,5.4486997585698,-0.0305432619099008,0.0250891079974185,0.259999990463257,0.270000010728836,9.85999965667725,0.00109083078249646,0.00436332312998582,0.294524311274043,19.5,16.1875,23.5625
36.043,5.40833901961743,-0.0294524311274043,0.0261799387799149,0.280000001192093,0.270000010728836,9.81999969482422,0,0.0109083078249646,0.538870406553249,19.5,15.0625,24
36.169,5.34616166501513,-0.0272707695624114,0.0272707695624114,0.370000004768372,0.330000013113022,9.84000015258789,-0.00327249234748937,0.011999138607461,0.927206165121988,21.6875,13.5625,23.5625
36.293,5.2327152636355,-0.023998277214922,0.0294524311274043,0.310000002384186,0.140000000596046,9.84000015258789,0,0.0174532925199433,1.13555484457881,22.0625,11.75,23.5625
36.416,5.1083605544309,-0.0207257848674327,0.0294524311274043,0.230000004172325,0.200000002980232,9.84000015258789,-0.00218166156499291,0.0141808001724539,1.12355570597135,23.875,9.1875,22.75
36.539,4.97964252209632,-0.0163624617374468,0.0294524311274043,0.219999998807907,0.180000007152557,9.8100004196167,-0.00327249234748937,0.0229074464324256,1.34499435481813,25.375,6.5625,22
36.665,4.81601790472185,-0.0109083078249646,0.0294524311274043,0.270000010728836,0.189999997615814,9.82999992370605,0,0.0196349540849362,1.26863620004338,25.6875,2.875,23.5625
36.788,4.67311907221482,-0.00763581547747519,0.0272707695624114,0.219999998807907,0.0599999986588955,9.81999969482422,-0.00218166156499291,0.0163624617374468,1.16391644492372,25.6875,0,22.75
36.913,4.52803857814279,-0.00327249234748937,0.0261799387799149,0.379999995231628,-0.230000004172325,9.84000015258789,-0.00109083078249646,0.0163624617374468,0.89884456477708,26.6875,-4.375,22
37.038,4.42440965380563,0,0.023998277214922,0.270000010728836,-0.200000002980232,9.8100004196167,-0.00218166156499291,0.0174532925199433,0.786488994179945,26.1875,-6.5625,23.1875
37.162,4.34586983746588,0.00109083078249646,0.0229074464324256,0.270000010728836,0.0599999986588955,9.81999969482422,0.00436332312998582,0.0196349540849362,0.681769239060285,25.0625,-8.75,23.1875
37.288,4.26296669799615,0.00327249234748937,0.0207257848674327,0.159999996423721,-0.0900000035762787,9.8100004196167,-0.00327249234748937,0.0141808001724539,0.8617563181722,25.5,-10.5625,23.5625
37.413,4.17679106617893,0.00545415391248228,0.0185441233024398,0.280000001192093,-0.119999997317791,9.84000015258789,-0.00436332312998582,0.011999138607461,0.705767516275207,23.5,-12.75,24.6875
37.537,4.10915955766415,0.00654498469497874,0.0174532925199433,0.180000007152557,0.00999999977648258,9.84000015258789,-0.00218166156499291,0.00763581547747519,0.438513974563575,24.25,-14.1875,25.1875
37.661,4.06770798792928,0.00763581547747519,0.0174532925199433,0.200000002980232,-0.109999999403954,9.84000015258789,0.00218166156499291,0.00654498469497874,0.268344372494128,22.375,-16.0625,25.1875
37.786,4.03934638758438,0.00763581547747519,0.0174532925199433,0.230000004172325,-0.109999999403954,9.85000038146973,-0.00218166156499291,0.00327249234748937,0.0774489855572484,21.6875,-15.6875,24
37.91,4.03389223367189,0.00872664625997165,0.0174532925199433,0.170000001788139,-0.0399999991059303,9.81999969482422,-0.00327249234748937,0.00218166156499291,0.113446401379631,22.375,-16.0625,25.1875
38.036,4.02625641819442,0.00872664625997165,0.0174532925199433,0.180000007152557,-0.0199999995529652,9.84000015258789,0.00218166156499291,0.00218166156499291,0.164715448156965,22,-16.75,24.375
38.16,4.01752977193445,0.00872664625997165,0.0174532925199433,0.170000001788139,-0.0799999982118607,9.81999969482422,-0.00545415391248228,0.00109083078249646,0.038179077387376,22,-16.75,24.375
38.285,4.01971143349944,0.00872664625997165,0.0174532925199433,0.189999997615814,-0.0900000035762787,9.84000015258789,-0.00436332312998582,-0.00218166156499291,0,22,-15.6875,24.6875
38.409,4.02734724897692,0.00872664625997165,0.0174532925199433,0.180000007152557,-0.159999996423721,9.82999992370605,-0.00327249234748937,0,0.0796306471222413,22.375,-16.75,25.1875
38.534,4.01862060271694,0.00872664625997165,0.0163624617374468,0.100000001490116,-0.119999997317791,9.82999992370605,0.00218166156499291,-0.00109083078249646,0.124354709204596,21.6875,-17.1875,24.375
38.658,4.00553063332699,0.00872664625997165,0.0163624617374468,0.140000000596046,-0.140000000596046,9.81999969482422,0.00109083078249646,0.00436332312998582,0.179987079111915,20.5625,-17.1875,24.6875
38.781,3.98916817158954,0.0098174770424681,0.0163624617374468,0.150000005960464,-0.0900000035762787,9.84000015258789,-0.00436332312998582,-0.00218166156499291,0.0414515697348653,21.25,-17.5625,24.6875
38.906,3.98371401767706,0.0098174770424681,0.0163624617374468,0.180000007152557,-0.150000005960464,9.81999969482422,-0.00109083078249646,0,0.050178215994837,21,-17.875,24
39.03,3.97935069454707,0.0098174770424681,0.0163624617374468,0.270000010728836,-0.0599999986588955,9.84000015258789,-0.00872664625997165,-0.00218166156499291,0.0185441233024398,21.6875,-17.5625,23.1875
39.156,3.97935069454707,0.0098174770424681,0.0163624617374468,0.170000001788139,-0.140000000596046,9.8100004196167,0.00109083078249646,-0.00109083078249646,0.0392699081698724,20.1875,-17.1875,25.1875
39.28,3.97498737141709,0.0098174770424681,0.0163624617374468,0.150000005960464,-0.119999997317791,9.85000038146973,-0.00109083078249646,0,0.0152716309549504,21.25,-17.875,23.5625
39.405,3.97280570985209,0.0098174770424681,0.0163624617374468,0.270000010728836,-0.230000004172325,9.8100004196167,-0.00763581547747519,-0.00109083078249646,-0.0218166156499291,19.875,-17.5625,24.6875
39.529,3.97498737141709,0.0109083078249646,0.0163624617374468,0.140000000596046,-0.0900000035762787,9.84000015258789,0.011999138607461,0.00327249234748937,0.00109083078249646,21,-17.875,24
39.655,3.97498737141709,0.0098174770424681,0.0163624617374468,0.159999996423721,-0.159999996423721,9.81999969482422,0.00109083078249646,0,0.00327249234748937,20.1875,-17.5625,23.1875
39.779,3.97498737141709,0.0098174770424681,0.0163624617374468,0.159999996423721,-0.119999997317791,9.81999969482422,-0.00545415391248228,-0.00327249234748937,0.00109083078249646,20.1875,-17.875,24
39.904,3.97498737141709,0.0098174770424681,0.0163624617374468,0.180000007152557,-0.170000001788139,9.81999969482422,-0.00109083078249646,-0.00218166156499291,0.00654498469497874,20.1875,-17.1875,24
40.028,3.97389654063459,0.0098174770424681,0.0163624617374468,0.230000004172325,-0.0700000002980232,9.81999969482422,0.00872664625997165,0.00109083078249646,-0.0109083078249646,20.5625,-18.1875,24
40.153,3.97498737141709,0.0098174770424681,0.0163624617374468,0.159999996423721,-0.180000007152557,9.84000015258789,0.00218166156499291,-0.00327249234748937,-0.0556323699073192,21.25,-17.875,23.5625
40.277,3.98371401767706,0.0098174770424681,0.0163624617374468,0.100000001490116,-0.109999999403954,9.8100004196167,-0.00218166156499291,-0.00109083078249646,-0.0872664625997165,20.5625,-16.75,24.6875
40.402,3.99462232550202,0.0098174770424681,0.0163624617374468,0.150000005960464,-0.189999997615814,9.82999992370605,-0.00109083078249646,-0.00545415391248228,-0.0218166156499291,21.6875,-17.1875,24.6875
40.526,3.99898564863201,0.0098174770424681,0.0163624617374468,0.200000002980232,-0.129999995231628,9.8100004196167,-0.00109083078249646,0,-0.0523598775598299,21.25,-16.375,23.1875
40.651,4.00443980254449,0.0098174770424681,0.0163624617374468,0.180000007152557,0,9.84000015258789,-0.00218166156499291,0.00109083078249646,0.00436332312998582,21,-16.75,23.1875
40.776,4.00443980254449,0.0098174770424681,0.0163624617374468,0.200000002980232,-0.0900000035762787,9.81999969482422,0.00109083078249646,0.00109083078249646,0,21,-16.75,23.1875
40.901,4.00443980254449,0.0098174770424681,0.0163624617374468,0.189999997615814,-0.140000000596046,9.8100004196167,0,-0.00327249234748937,0.00218166156499291,21,-17.1875,23.5625
41.026,4.00443980254449,0.0098174770424681,0.0163624617374468,0.189999997615814,-0.0900000035762787,9.8100004196167,0.00109083078249646,0.00327249234748937,0.00218166156499291,21,-16.75,23.5625
41.15,4.00443980254449,0.0098174770424681,0.0163624617374468,0.180000007152557,-0.119999997317791,9.8100004196167,0.00218166156499291,-0.00218166156499291,0.00109083078249646,20.5625,-16.75,22.75
41.275,4.00443980254449,0.0098174770424681,0.0163624617374468,0.170000001788139,-0.0900000035762787,9.8100004196167,-0.00109083078249646,0.00436332312998582,0.00109083078249646,21,-16.75,23.5625
41.399,4.00443980254449,0.0098174770424681,0.0163624617374468,0.180000007152557,-0.100000001490116,9.82999992370605,0.00109083078249646,-0.00218166156499291,0,21,-17.1875,23.1875
41.526,4.00443980254449,0.0098174770424681,0.0163624617374468,0.170000001788139,-0.0599999986588955,9.8100004196167,-0.00218166156499291,0.00327249234748937,-0.00109083078249646,20.1875,-17.5625,23.1875
41.65,4.00443980254449,0.0098174770424681,0.0163624617374468,0.189999997615814,-0.0299999993294477,9.85000038146973,0,-0.00327249234748937,-0.00109083078249646,21,-17.1875,24.6875
41.774,4.00553063332699,0.0098174770424681,0.0163624617374468,0.189999997615814,-0.0500000007450581,9.81999969482422,-0.00109083078249646,0.00436332312998582,0.00109083078249646,22,-16.75,24
41.898,4.00553063332699,0.0098174770424681,0.0163624617374468,0.180000007152557,-0.129999995231628,9.84000015258789,-0.00436332312998582,-0.00109083078249646,-0.00109083078249646,21,-16.375,23.5625
42.024,4.00553063332699,0.0098174770424681,0.0163624617374468,0.189999997615814,-0.0799999982118607,9.8100004196167,-0.00436332312998582,-0.00109083078249646,0.00218166156499291,20.5625,-17.1875,23.1875
42.147,4.00553063332699,0.0098174770424681,0.0163624617374468,0.180000007152557,0,9.85999965667725,-0.00654498469497874,-0.00109083078249646,0,21,-17.1875,23.5625
42.271,4.00553063332699,0.0098174770424681,0.0163624617374468,0.150000005960464,-0.0799999982118607,9.82999992370605,-0.00218166156499291,0.00109083078249646,-0.00218166156499291,21,-17.5625,24
42.395,4.00553063332699,0.0098174770424681,0.0163624617374468,0.200000002980232,-0.0900000035762787,9.82999992370605,-0.00218166156499291,0,0,21,-17.1875,23.5625
42.52,4.00553063332699,0.0098174770424681,0.0163624617374468,0.180000007152557,-0.0700000002980232,9.77999973297119,0.00218166156499291,0.00218166156499291,0,21.25,-17.5625,24
42.645,4.00553063332699,0.0098174770424681,0.0163624617374468,0.170000001788139,-0.0799999982118607,9.85000038146973,0.00327249234748937,0.00218166156499291,0.00109083078249646,20.5625,-17.875,22.75
42.769,4.00553063332699,0.0098174770424681,0.0163624617374468,0.180000007152557,-0.0700000002980232,9.85000038146973,0,-0.00218166156499291,0.00109083078249646,20.5625,-17.1875,24
42.895,4.00553063332699,0.0098174770424681,0.0163624617374468,0.180000007152557,-0.0900000035762787,9.82999992370605,-0.00109083078249646,0,0,21,-17.875,23.5625
43.018,4.00553063332699,0.0098174770424681,0.0163624617374468,0.170000001788139,-0.0700000002980232,9.81999969482422,-0.00109083078249646,0.00109083078249646,-0.00109083078249646,21,-16.75,24.375
43.144,4.00553063332699,0.0098174770424681,0.0163624617374468,0.180000007152557,-0.0900000035762787,9.82999992370605,0,-0.00109083078249646,0.00218166156499291,21.6875,-17.5625,24
43.268,4.00553063332699,0.0098174770424681,0.0163624617374468,0.180000007152557,-0.0700000002980232,9.84000015258789,0.00218166156499291,-0.00218166156499291,-0.00109083078249646,20.5625,-17.5625,24
43.395,4.00553063332699,0.0098174770424681,0.0163624617374468,0.180000007152557,-0.0900000035762787,9.82999992370605,0,0.00545415391248228,0.00109083078249646,20.5625,-17.5625,24.6875
43.518,4.00553063332699,0.0098174770424681,0.0163624617374468,0.170000001788139,-0.0599999986588955,9.8100004196167,-0.00218166156499291,0.00218166156499291,0.00109083078249646,19.875,-17.875,23.1875
43.643,4.00553063332699,0.0098174770424681,0.0163624617374468,0.170000001788139,-0.100000001490116,9.8100004196167,-0.00109083078249646,0.00327249234748937,-0.00218166156499291,21.25,-16.75,23.1875
43.767,4.00553063332699,0.0098174770424681,0.0163624617374468,0.159999996423721,-0.0599999986588955,9.82999992370605,-0.00109083078249646,0,0,21,-17.1875,22.375
43.891,4.00553063332699,0.0098174770424681,0.0163624617374468,0.189999997615814,-0.100000001490116,9.8100004196167,-0.00109083078249646,-0.00109083078249646,-0.00109083078249646,20.5625,-17.1875,23.5625
44.016,4.00553063332699,0.0098174770424681,0.0163624617374468,0.170000001788139,-0.0799999982118607,9.85000038146973,0,0.00109083078249646,-0.00109083078249646,21.25,-17.1875,24.375
44.139,4.00553063332699,0.0098174770424681,0.0163624617374468,0.170000001788139,-0.100000001490116,9.78999996185303,0,-0.00327249234748937,0,20.1875,-17.875,24.375
44.262,4.00553063332699,0.0098174770424681,0.0163624617374468,0.159999996423721,-0.0799999982118607,9.82999992370605,-0.00109083078249646,0.00218166156499291,-0.00218166156499291,21,-17.875,23.5625
44.387,4.00553063332699,0.0098174770424681,0.0163624617374468,0.180000007152557,-0.0900000035762787,9.78999996185303,0,0.00218166156499291,-0.00109083078249646,21,-17.5625,23.5625
44.512,4.00553063332699,0.0098174770424681,0.0163624617374468,0.180000007152557,-0.0799999982118607,9.84000015258789,-0.00109083078249646,0.00327249234748937,0,20.5625,-17.1875,24
44.636,4.00553063332699,0.0098174770424681,0.0163624617374468,0.189999997615814,-0.109999999403954,9.80000019073486,0.00218166156499291,-0.00218166156499291,-0.00109083078249646,20.5625,-16.375,24.375
44.762,4.00553063332699,0.0109083078249646,0.0174532925199433,0.649999976158142,0.209999993443489,9.77999973297119,-0.0218166156499291,0.00654498469497874,0.793033978874924,20.5625,-17.1875,23.5625
44.887,3.92808164776974,0.0141808001724539,0.0163624617374468,0.990000009536743,-0.0299999993294477,9.76000022888184,0.00218166156499291,0.0174532925199433,1.20318635309359,19.5,-19.375,24.375
45.01,3.7535487225703,0.0152716309549504,0.0109083078249646,0.270000010728836,0.189999997615814,9.85999965667725,0.00654498469497874,0.0370882466048795,2.06057934813581,15.375,-23.0625,23.1875
45.134,3.50047598103113,0.0141808001724539,0.00109083078249646,-0.0199999995529652,0.119999997317791,9.85000038146973,-0.00872664625997165,0.0305432619099008,2.28856298167756,10.0625,-24.5,24.375
45.26,3.22776828540701,0.0130899693899575,-0.00654498469497874,-0.319999992847443,0.0399999991059303,9.98999977111816,-0.0654498469497874,0.0250891079974185,2.50563830739436,1.75,-26.875,23.5625
45.384,2.94960643587042,0.011999138607461,-0.0152716309549504,-0.610000014305115,-0.46000000834465,9.85000038146973,-0.0261799387799149,0.0316340926923972,1.85004900711399,-2.5625,-26.1875,25.5
45.509,2.77834600301847,0.00872664625997165,-0.0207257848674327,0.0700000002980232,0.280000001192093,9.80000019073486,-0.0207257848674327,0.0250891079974185,1.27736284630335,-6.375,-25,26.6875
45.632,2.66599043242134,0.00436332312998582,-0.023998277214922,-0.379999995231628,-0.0900000035762787,9.85999965667725,-0.00327249234748937,0.0130899693899575,0.75703656305254,-10.5,-23.6875,26.6875
45.757,2.60490390860154,0.00327249234748937,-0.0250891079974185,-0.270000010728836,-0.0299999993294477,9.82999992370605,-0.0141808001724539,0.0098174770424681,0.373064127613788,-11.1875,-23.1875,27.0625
45.88,2.58090563138661,0.00218166156499291,-0.0261799387799149,-0.0199999995529652,0.209999993443489,9.8100004196167,-0.0130899693899575,0.00872664625997165,0.32615840396644,-12.25,-22.0625,27.0625
46.005,2.5547256926067,0.00109083078249646,-0.023998277214922,-0.829999983310699,-0.550000011920929,9.85000038146973,-0.00654498469497874,-0.00109083078249646,-0.00327249234748937,-14.0625,-23.1875,26.6875
46.13,2.55254403104171,0.00109083078249646,-0.023998277214922,0.379999995231628,0.159999996423721,9.85999965667725,-0.0185441233024398,-0.00327249234748937,-0.0578140314723122,-13.25,-23.1875,26.6875
46.255,2.56563400043166,0.00218166156499291,-0.023998277214922,-0.180000007152557,0.0900000035762787,9.89999961853027,0,0,-0.0338157542573901,-13.25,-22.75,27.0625
46.379,2.59181393921158,0.00109083078249646,-0.023998277214922,-0.600000023841858,-0.0700000002980232,9.85000038146973,0,0.00109083078249646,-0.00654498469497874,-13.6875,-22.375,28.5625
46.504,2.59617726234156,0.00109083078249646,-0.023998277214922,0.319999992847443,0.0500000007450581,9.82999992370605,-0.00763581547747519,0.00109083078249646,-0.0578140314723122,-13.25,-22.75,28.5625
46.629,2.60490390860154,0.00109083078249646,-0.023998277214922,-0.170000001788139,-0.0199999995529652,9.82999992370605,0.00218166156499291,0.00109083078249646,0,-12.5625,-23.1875,27.875
46.753,2.61144889329652,0.00109083078249646,-0.0229074464324256,-0.180000007152557,-0.00999999977648258,9.85999965667725,-0.00109083078249646,-0.00109083078249646,0.0796306471222413,-13.6875,-22.75,27.375
46.877,2.61035806251402,0.00109083078249646,-0.0229074464324256,-0.200000002980232,-0.159999996423721,9.85999965667725,-0.00436332312998582,0.00327249234748937,0.038179077387376,-13.6875,-23.1875,28.1875
47.001,2.60817640094903,0.00109083078249646,-0.0229074464324256,-0.150000005960464,-0.0299999993294477,9.85999965667725,-0.011999138607461,-0.00109083078249646,0.00109083078249646,-13.25,-23.1875,28.1875
47.128,2.6158122164265,0.00109083078249646,-0.0229074464324256,-0.159999996423721,-0.0299999993294477,9.85000038146973,0,0.00109083078249646,-0.00109083078249646,-12.5625,-22.75,29
47.251,2.61799387799149,0.00109083078249646,-0.0229074464324256,-0.189999997615814,-0.0500000007450581,9.84000015258789,0.0141808001724539,0.00436332312998582,-0.00218166156499291,-12.5625,-22.375,28.1875
47.377,2.62344803190398,0.00109083078249646,-0.0229074464324256,-0.159999996423721,-0.0299999993294477,9.82999992370605,0.00436332312998582,0.00436332312998582,-0.00109083078249646,-13,-23.875,28.5625
47.501,2.62562969346897,0.00109083078249646,-0.0229074464324256,-0.189999997615814,0,9.82999992370605,0.00218166156499291,0.00436332312998582,-0.00218166156499291,-13,-23.5625,27.375
47.626,2.62562969346897,0.00109083078249646,-0.0229074464324256,-0.189999997615814,-0.00999999977648258,9.85999965667725,0,-0.00545415391248228,-0.00109083078249646,-13.6875,-22.375,27.875
47.749,2.62562969346897,0.00109083078249646,-0.0229074464324256,-0.200000002980232,0,9.85999965667725,0.00109083078249646,-0.00327249234748937,0.00109083078249646,-12.1875,-22.75,27.0625
47.873,2.62562969346897,0.00109083078249646,-0.0218166156499291,-0.200000002980232,-0.0199999995529652,9.8100004196167,-0.00109083078249646,0.00109083078249646,-0.00109083078249646,-13.25,-22.375,27.875
47.996,2.62562969346897,0.00109083078249646,-0.0218166156499291,-0.159999996423721,0,9.85000038146973,0,0,0.00109083078249646,-13.6875,-23.1875,28.1875
48.121,2.62562969346897,0.00109083078249646,-0.0218166156499291,-0.200000002980232,0.00999999977648258,9.85000038146973,0,0.00218166156499291,0.00327249234748937,-12.5625,-23.1875,27.0625
48.245,2.62562969346897,0.00109083078249646,-0.0218166156499291,-0.170000001788139,0,9.85000038146973,-0.00218166156499291,0.00218166156499291,0.00109083078249646,-13,-23.5625,28.5625
48.37,2.62562969346897,0.00109083078249646,-0.0218166156499291,-0.180000007152557,0,9.84000015258789,-0.00109083078249646,0,-0.00109083078249646,-13.25,-23.1875,29
48.494,2.62562969346897,0.00109083078249646,-0.0218166156499291,-0.170000001788139,-0.00999999977648258,9.81999969482422,0.00109083078249646,0.00327249234748937,0.00109083078249646,-13.25,-22.375,28.5625
48.618,2.62562969346897,0.00109083078249646,-0.0218166156499291,-0.180000007152557,-0.00999999977648258,9.82999992370605,0,0.00109083078249646,0.00109083078249646,-13.25,-22.75,27.375
48.743,2.62562969346897,0.00109083078249646,-0.0218166156499291,-0.170000001788139,-0.00999999977648258,9.85000038146973,0.00218166156499291,0.00109083078249646,-0.00109083078249646,-13,-22.375,27.375
48.867,2.62562969346897,0.00109083078249646,-0.0218166156499291,-0.200000002980232,0,9.81999969482422,0.00109083078249646,0,-0.00109083078249646,-13,-23.1875,27.875
48.993,2.62562969346897,0.00109083078249646,-0.0218166156499291,-0.150000005960464,0,9.84000015258789,0,0.00109083078249646,0.00218166156499291,-13.25,-23.1875,29
49.117,2.62562969346897,0.00109083078249646,-0.0218166156499291,-0.189999997615814,-0.00999999977648258,9.81999969482422,0.00109083078249646,0,0.00109083078249646,-13,-23.1875,27.875
49.241,2.62562969346897,0.00109083078249646,-0.0218166156499291,-0.170000001788139,-0.0199999995529652,9.85000038146973,0.00218166156499291,0,0,-13,-22.75,28.1875
49.363,2.62562969346897,0.00109083078249646,-0.0218166156499291,-0.189999997615814,-0.00999999977648258,9.86999988555908,0,-0.00109083078249646,0.00109083078249646,-13.25,-22.75,27.375
49.489,2.62562969346897,0.00109083078249646,-0.0218166156499291,-0.159999996423721,-0.0299999993294477,9.85999965667725,0,0.00109083078249646,0,-13,-23.1875,27.0625
49.612,2.62562969346897,0.00109083078249646,-0.0218166156499291,-0.170000001788139,-0.0299999993294477,9.85000038146973,0.00109083078249646,0.00109083078249646,0.00218166156499291,-13,-22.75,27.875
49.736,2.62562969346897,0.00109083078249646,-0.0218166156499291,-0.129999995231628,-0.0500000007450581,9.81999969482422,0.00109083078249646,0.00218166156499291,-0.00109083078249646,-13,-22.75,28.5625
49.86,2.62562969346897,0.00109083078249646,-0.0218166156499291,-0.159999996423721,-0.0500000007450581,9.84000015258789,0.00436332312998582,0.00327249234748937,0,-12.5625,-23.875,27.375
49.986,2.62562969346897,0.00109083078249646,-0.0218166156499291,-0.150000005960464,-0.0399999991059303,9.84000015258789,0.0338157542573901,-0.00436332312998582,-0.1232638784221,-12.5625,-23.1875,27.875
50.109,2.64090132442392,0,-0.0218166156499291,-0.159999996423721,-0.00999999977648258,9.82999992370605,0.0141808001724539,-0.00872664625997165,-0.316340926923972,-11.5,-23.1875,29
50.234,2.68562538650627,0,-0.0218166156499291,-0.259999990463257,-0.119999997317791,9.80000019073486,0.0349065850398866,-0.0141808001724539,-0.668679269670327,-11.5,-23.5625,27
50.359,2.770710187541,0,-0.0196349540849362,-0.319999992847443,0.0299999993294477,9.88000011444092,0.0152716309549504,-0.0185441233024398,-0.919570349644512,-8.875,-26.1875,27.75
50.483,2.88742908126812,0.00109083078249646,-0.0174532925199433,-0.340000003576279,-0.0900000035762787,9.77999973297119,0.0152716309549504,-0.0316340926923972,-1.13228235223132,-6.75,-25.375,27.375
50.609,3.04123622160012,0.00218166156499291,-0.0130899693899575,0.239999994635582,0.430000007152557,9.82999992370605,-0.0261799387799149,-0.0294524311274043,-1.08864912093146,-1.0625,-26.0625,25.875
50.733,3.17213591549969,0.00654498469497874,-0.0098174770424681,0.0599999986588955,0.0399999991059303,9.80000019073486,0.00109083078249646,-0.0185441233024398,-0.799578963569902,0.75,-27.1875,25.875
50.857,3.27249234748937,0.00654498469497874,-0.00545415391248228,0.140000000596046,-0.119999997317791,9.85000038146973,0.0152716309549504,-0.0174532925199433,-0.627227699935462,3.6875,-25.25,25.875
50.981,3.35866797930659,0.00654498469497874,-0.00327249234748937,-0.230000004172325,-0.170000001788139,9.84000015258789,-0.0130899693899575,-0.0141808001724539,-0.759218224617533,5.1875,-25,26.25
51.113,3.43938945721133,0.00763581547747519,-0.00109083078249646,-0.439999997615814,-0.689999997615814,9.88000011444092,-0.00436332312998582,-0.0196349540849362,-0.764672378530016,7.375,-24.1875,24
51.228,3.52011093511606,0.00763581547747519,0,0.0399999991059303,0.239999994635582,9.81999969482422,-0.00109083078249646,-0.0141808001724539,-0.728674962707633,8.875,-24.0625,24.375
51.353,3.60628656693328,0.00763581547747519,0.00327249234748937,0.0700000002980232,0,9.84000015258789,0.00109083078249646,-0.0141808001724539,-0.712312500970186,11.5,-22.5625,24
51.477,3.67937222936055,0.00763581547747519,0.00545415391248228,0.170000001788139,0.0299999993294477,9.81999969482422,-0.00763581547747519,-0.0130899693899575,-0.385063266221249,12.1875,-23,23.5625
51.603,3.71755130674792,0.00763581547747519,0.00654498469497874,0.129999995231628,-0.0500000007450581,9.84000015258789,-0.011999138607461,-0.011999138607461,-0.555232868290696,13.25,-22.5,25.1875
51.726,3.78191032291521,0.00872664625997165,0.00763581547747519,0.140000000596046,-0.0500000007450581,9.81999969482422,0,-0.011999138607461,-0.610865238198015,14.0625,-21.375,24.6875
51.852,3.8484510006475,0.00763581547747519,0.0098174770424681,0.529999971389771,0.529999971389771,9.84000015258789,0,-0.0130899693899575,-0.635954346195434,16.6875,-20.6875,24.6875
51.976,3.93135414011723,0.00654498469497874,0.0130899693899575,0.330000013113022,0.140000000596046,9.80000019073486,-0.00109083078249646,-0.00763581547747519,-0.44614979004105,17,-19.5625,25.1875
52.1,3.96407906359212,0.00545415391248228,0.0130899693899575,0.0599999986588955,-0.180000007152557,9.85000038146973,-0.00109083078249646,-0.00654498469497874,-0.314159265358979,18.1875,-18.75,24.375
52.225,3.98589567924205,0.00545415391248228,0.0141808001724539,0.230000004172325,-0.180000007152557,9.85999965667725,-0.00218166156499291,-0.00654498469497874,-0.311977603793986,18.5,-18,25.1875
52.348,4.00771229489198,0.00545415391248228,0.0141808001724539,0.209999993443489,-0.129999995231628,9.81999969482422,0,-0.00436332312998582,-0.137444678594553,18.5,-17.5625,24.6875
52.473,4.01862060271694,0.00545415391248228,0.0141808001724539,0.150000005960464,-0.0199999995529652,9.85000038146973,-0.00218166156499291,-0.00654498469497874,-0.199622033196851,19.25,-16.75,25.1875
52.597,4.03607389523689,0.00545415391248228,0.0141808001724539,0.159999996423721,-0.310000002384186,9.82999992370605,-0.00327249234748937,-0.00436332312998582,-0.174532925199433,19.6875,-16.5,25.1875
52.722,4.04807303384435,0.00545415391248228,0.0141808001724539,0.259999990463257,0.259999990463257,9.81999969482422,-0.00545415391248228,-0.00218166156499291,-0.1232638784221,20.375,-18,24.375
52.847,4.05570884932182,0.00545415391248228,0.0141808001724539,0.209999993443489,0.310000002384186,9.78999996185303,-0.00327249234748937,-0.00109083078249646,-0.0818123086872342,20,-16.75,24.6875
52.971,4.06552632636429,0.00545415391248228,0.0152716309549504,-0.0700000002980232,0.209999993443489,9.81999969482422,-0.00109083078249646,0,-0.0469057236473476,20,-16.5,23.5625
53.096,4.07098048027677,0.00545415391248228,0.0152716309549504,0.170000001788139,-0.0900000035762787,9.78999996185303,-0.00436332312998582,-0.00327249234748937,-0.00218166156499291,20.75,-16.1875,24
53.22,4.06770798792928,0.00545415391248228,0.0152716309549504,0.230000004172325,-0.0399999991059303,9.82999992370605,-0.00654498469497874,-0.00327249234748937,-0.00545415391248228,20.375,-16.1875,24.375
53.344,4.06552632636429,0.00545415391248228,0.0152716309549504,-0.0299999993294477,0,9.78999996185303,-0.00218166156499291,-0.00218166156499291,-0.0807214779047377,20.375,-16.75,24.375
53.468,4.07098048027677,0.00545415391248228,0.0141808001724539,0.270000010728836,-0.0399999991059303,9.84000015258789,-0.00109083078249646,0.00109083078249646,-0.0632681853847945,20.6875,-16.5,25.1875
53.592,4.07752546497175,0.00545415391248228,0.0141808001724539,0.140000000596046,-0.0599999986588955,9.84000015258789,-0.00109083078249646,-0.00109083078249646,-0.10144726277217,20.25,-15.75,24.375
53.717,4.08843377279672,0.00436332312998582,0.0141808001724539,0.219999998807907,-0.0700000002980232,9.85000038146973,-0.00218166156499291,0,-0.00218166156499291,21,-15.375,23.5625
53.84,4.08843377279672,0.00436332312998582,0.0141808001724539,0.140000000596046,-0.0700000002980232,9.80000019073486,-0.00218166156499291,-0.00109083078249646,-0.0294524311274043,20.25,-15.375,22.75
53.965,4.08952460357921,0.00436332312998582,0.0141808001724539,0.150000005960464,-0.0799999982118607,9.81999969482422,0,0.00109083078249646,-0.00327249234748937,21.75,-16.1875,24
54.091,4.08952460357921,0.00436332312998582,0.0141808001724539,0.129999995231628,-0.100000001490116,9.85999965667725,-0.00327249234748937,0,-0.00109083078249646,20.75,-15.375,24
54.213,4.08952460357921,0.00436332312998582,0.0141808001724539,0.119999997317791,0.170000001788139,9.85000038146973,-0.00436332312998582,0,0.0316340926923972,20.75,-15.375,25.875
54.337,4.08625211123172,0.00436332312998582,0.0141808001724539,0.119999997317791,-0.0900000035762787,9.84000015258789,-0.00218166156499291,0.00109083078249646,0.0250891079974185,21.5,-15.375,24.6875
54.461,4.08297961888423,0.00436332312998582,0.0141808001724539,0.119999997317791,-0.150000005960464,9.81999969482422,-0.00218166156499291,0.00109083078249646,0.111264739814638,20.75,-15.375,24
54.587,4.06879881871178,0.00545415391248228,0.0141808001724539,0.200000002980232,-0.209999993443489,9.85999965667725,-0.00218166156499291,-0.00218166156499291,0.0196349540849362,20.375,-16.1875,24.6875
54.711,4.0622538340168,0.00545415391248228,0.0141808001724539,0.140000000596046,-0.119999997317791,9.8100004196167,-0.00218166156499291,0,-0.023998277214922,21.5,-16.5,24.375
54.836,4.0633446647993,0.00545415391248228,0.0141808001724539,0.140000000596046,-0.129999995231628,9.84000015258789,0.00109083078249646,0.00218166156499291,-0.0152716309549504,20.375,-16.5,24
54.959,4.06552632636429,0.00545415391248228,0.0141808001724539,0.150000005960464,-0.0900000035762787,9.78999996185303,0.00109083078249646,0.00218166156499291,-0.00218166156499291,20,-16.5,23.5625
55.084,4.06552632636429,0.00545415391248228,0.0141808001724539,0.159999996423721,-0.109999999403954,9.85000038146973,0,-0.00327249234748937,0.00109083078249646,20,-16.1875,24
55.208,4.06552632636429,0.00545415391248228,0.0141808001724539,0.140000000596046,-0.0799999982118607,9.80000019073486,-0.00327249234748937,-0.00218166156499291,-0.00109083078249646,20.375,-15.75,24.375
55.332,4.06552632636429,0.00545415391248228,0.0141808001724539,0.170000001788139,-0.0900000035762787,9.84000015258789,-0.00218166156499291,-0.00545415391248228,0,19.6875,-15.75,24.375
55.456,4.06552632636429,0.00545415391248228,0.0141808001724539,0.150000005960464,-0.0799999982118607,9.8100004196167,-0.00218166156499291,-0.00109083078249646,0,20.375,-15.75,24.375
55.582,4.06552632636429,0.00545415391248228,0.0141808001724539,0.159999996423721,-0.0900000035762787,9.82999992370605,-0.00327249234748937,0,0.00109083078249646,20.75,-16.1875,23.1875
55.706,4.06552632636429,0.00545415391248228,0.0141808001724539,0.170000001788139,-0.100000001490116,9.80000019073486,0.00109083078249646,0.00327249234748937,-0.00109083078249646,20.75,-16.1875,24.375
55.831,4.06552632636429,0.00545415391248228,0.0141808001724539,0.170000001788139,-0.0799999982118607,9.84000015258789,0.00218166156499291,-0.00327249234748937,0.00109083078249646,21.5,-15.375,23.1875
55.956,4.06552632636429,0.00545415391248228,0.0141808001724539,0.560000002384186,-0.170000001788139,9.84000015258789,0,-0.00545415391248228,-0.0316340926923972,20,-16.1875,24
56.08,4.06879881871178,0.00545415391248228,0.0152716309549504,0.159999996423721,-0.100000001490116,9.84000015258789,0.00218166156499291,-0.00218166156499291,0,20.375,-16.1875,22.75
56.205,4.06879881871178,0.00545415391248228,0.0152716309549504,0.129999995231628,-0.0599999986588955,9.84000015258789,0,0.00109083078249646,0,19.6875,-16.1875,23.1875
56.328,4.06879881871178,0.00545415391248228,0.0152716309549504,0.189999997615814,-0.119999997317791,9.82999992370605,0.00218166156499291,-0.00545415391248228,0,20.375,-15.375,24.375
56.454,4.06879881871178,0.00545415391248228,0.0152716309549504,0.159999996423721,-0.0199999995529652,9.81999969482422,0.00327249234748937,0.00436332312998582,0.00109083078249646,20.75,-16.5,23.1875
56.577,4.06879881871178,0.00545415391248228,0.0152716309549504,0.280000001192093,-0.259999990463257,9.86999988555908,-0.0207257848674327,-0.00327249234748937,0.00109083078249646,20.375,-16.5,23.5625
56.703,4.06879881871178,0.00545415391248228,0.0152716309549504,0.180000007152557,-0.00999999977648258,9.82999992370605,-0.00327249234748937,-0.00327249234748937,-0.00109083078249646,20,-15.75,22.75
56.827,4.06879881871178,0.00545415391248228,0.0152716309549504,0.230000004172325,-0.0700000002980232,9.8100004196167,0.00109083078249646,0,0.00109083078249646,20.75,-16.1875,25.1875
56.951,4.06879881871178,0.00545415391248228,0.0152716309549504,0.200000002980232,-0.00999999977648258,9.82999992370605,-0.00109083078249646,0.00218166156499291,-0.00218166156499291,20.375,-16.1875,24.375
57.075,4.06879881871178,0.00545415391248228,0.0152716309549504,0.200000002980232,-0.0799999982118607,9.81999969482422,0.00109083078249646,0,0,20.375,-16.5,23.5625
57.201,4.06879881871178,0.00545415391248228,0.0152716309549504,0.200000002980232,-0.00999999977648258,9.81999969482422,0.00109083078249646,-0.00327249234748937,0.00218166156499291,21.5,-15.75,23.1875
57.325,4.06879881871178,0.00545415391248228,0.0152716309549504,0.209999993443489,-0.0900000035762787,9.82999992370605,0,0.00218166156499291,0.00109083078249646,21.0625,-15.75,23.5625
57.45,4.06879881871178,0.00545415391248228,0.0152716309549504,0.189999997615814,-0.0199999995529652,9.81999969482422,-0.00109083078249646,-0.00327249234748937,0.00109083078249646,20.375,-15.75,24.375
57.574,4.06879881871178,0.00545415391248228,0.0152716309549504,0.219999998807907,-0.0900000035762787,9.81999969482422,0.00109083078249646,-0.00109083078249646,0.00218166156499291,20.375,-15.75,23.5625
57.699,4.06879881871178,0.00545415391248228,0.0152716309549504,0.219999998807907,0,9.81999969482422,0.00109083078249646,-0.00109083078249646,0.00218166156499291,20.75,-16.5,24
57.824,4.06879881871178,0.00545415391248228,0.0152716309549504,0.230000004172325,-0.0700000002980232,9.81999969482422,0.00109083078249646,0,0,20.75,-16.75,24.375
57.947,4.06879881871178,0.00545415391248228,0.0152716309549504,0.219999998807907,-0.0299999993294477,9.82999992370605,-0.00109083078249646,0.00436332312998582,0.00218166156499291,20.375,-16.1875,23.5625
58.073,4.06879881871178,0.00545415391248228,0.0152716309549504,0.189999997615814,-0.0900000035762787,9.82999992370605,0,-0.00436332312998582,0.00218166156499291,21.5,-16.75,24.375
58.197,4.06879881871178,0.00545415391248228,0.0152716309549504,0.209999993443489,-0.00999999977648258,9.84000015258789,-0.00327249234748937,-0.00436332312998582,0.00109083078249646,20,-16.1875,23.5625
58.322,4.06879881871178,0.00545415391248228,0.0152716309549504,0.170000001788139,-0.109999999403954,9.85000038146973,0,0,0,21.0625,-16.1875,24.375
58.445,4.06879881871178,0.00545415391248228,0.0152716309549504,0.159999996423721,-0.00999999977648258,9.82999992370605,-0.00109083078249646,0.00109083078249646,-0.00109083078249646,20.375,-16.5,23.5625
58.571,4.06879881871178,0.00545415391248228,0.0152716309549504,0.200000002980232,-0.109999999403954,9.84000015258789,-0.00109083078249646,0.00109083078249646,0.00218166156499291,20,-16.1875,24.6875
58.694,4.06879881871178,0.00545415391248228,0.0152716309549504,0.170000001788139,0,9.82999992370605,-0.00109083078249646,0.00327249234748937,0.00218166156499291,20.375,-16.1875,24.375
58.819,4.06879881871178,0.00545415391248228,0.0152716309549504,0.170000001788139,-0.109999999403954,9.81999969482422,-0.00109083078249646,0.00109083078249646,0.00109083078249646,20,-16.1875,23.5625
58.942,4.06879881871178,0.00545415391248228,0.0152716309549504,0.140000000596046,-0.0299999993294477,9.81999969482422,-0.00109083078249646,-0.00327249234748937,0.00109083078249646,20.75,-15.75,22.75
59.065,4.06879881871178,0.00545415391248228,0.0152716309549504,0.180000007152557,-0.0900000035762787,9.82999992370605,-0.00109083078249646,-0.00109083078249646,-0.00218166156499291,20.375,-15.75,24
59.189,4.06879881871178,0.00545415391248228,0.0152716309549504,0.129999995231628,-0.0500000007450581,9.81999969482422,0,-0.00545415391248228,0,20.375,-15.75,23.5625
59.314,4.06879881871178,0.00545415391248228,0.0152716309549504,0.140000000596046,-0.0799999982118607,9.85999965667725,0.00218166156499291,0.00109083078249646,-0.00218166156499291,20.75,-16.1875,23.1875
59.438,4.06879881871178,0.00545415391248228,0.0152716309549504,0.159999996423721,-0.0599999986588955,9.8100004196167,0.00109083078249646,0.00218166156499291,0,20.375,-15.75,24
59.566,4.06879881871178,0.00545415391248228,0.0152716309549504,0.170000001788139,-0.0700000002980232,9.84000015258789,0.00109083078249646,0,0,20.375,-15,23.1875
59.69,4.06879881871178,0.00545415391248228,0.0152716309549504,0.150000005960464,-0.0599999986588955,9.8100004196167,-0.00109083078249646,0.00109083078249646,-0.00109083078249646,21.0625,-15.75,23.1875
59.814,4.06879881871178,0.00545415391248228,0.0152716309549504,0.180000007152557,-0.0799999982118607,9.8100004196167,0.00109083078249646,0.00109083078249646,0.00109083078249646,21.5,-16.1875,24.375
59.938,4.06879881871178,0.00545415391248228,0.0152716309549504,0.180000007152557,-0.0599999986588955,9.81999969482422,0,0.00218166156499291,0,20,-15.75,23.5625
60.063,4.06879881871178,0.00545415391248228,0.0152716309549504,0.189999997615814,-0.0700000002980232,9.85000038146973,0.00218166156499291,0.00218166156499291,0,20,-16.1875,23.1875
60.187,4.06879881871178,0.00545415391248228,0.0152716309549504,0.170000001788139,-0.0399999991059303,9.84000015258789,0.00109083078249646,0,0.00109083078249646,20,-15.375,24
60.313,4.06879881871178,0.00545415391248228,0.0152716309549504,0.180000007152557,-0.0799999982118607,9.84000015258789,0.00109083078249646,0,0,20.75,-16.1875,23.1875
60.437,4.06879881871178,0.00545415391248228,0.0152716309549504,0.150000005960464,-0.0500000007450581,9.85999965667725,0,0.00218166156499291,0.00109083078249646,20.75,-17.1875,24.375
60.563,4.06879881871178,0.00545415391248228,0.0152716309549504,0.170000001788139,-0.0599999986588955,9.81999969482422,-0.00109083078249646,0.00109083078249646,-0.00109083078249646,21.0625,-16.1875,24
60.687,4.06879881871178,0.00545415391248228,0.0152716309549504,0.170000001788139,-0.0599999986588955,9.82999992370605,-0.00109083078249646,0.00327249234748937,-0.00109083078249646,19.6875,-15.75,23.1875
